-- phpMyAdmin SQL Dump
-- version 4.9.11
-- https://www.phpmyadmin.net/
--
-- Host: localhost:3306
-- Generation Time: Mar 01, 2023 at 03:35 AM
-- Server version: 10.3.38-MariaDB-log-cll-lve
-- PHP Version: 7.4.33

SET SQL_MODE = "NO_AUTO_VALUE_ON_ZERO";
SET AUTOCOMMIT = 0;
START TRANSACTION;
SET time_zone = "+00:00";


/*!40101 SET @OLD_CHARACTER_SET_CLIENT=@@CHARACTER_SET_CLIENT */;
/*!40101 SET @OLD_CHARACTER_SET_RESULTS=@@CHARACTER_SET_RESULTS */;
/*!40101 SET @OLD_COLLATION_CONNECTION=@@COLLATION_CONNECTION */;
/*!40101 SET NAMES utf8mb4 */;

--
-- Database: `digiqekh_nabeelshehzad`
--

-- --------------------------------------------------------

--
-- Table structure for table `break`
--

CREATE TABLE `break` (
  `id` int(11) NOT NULL,
  `name` varchar(255) NOT NULL,
  `status` int(11) NOT NULL
) ENGINE=MyISAM DEFAULT CHARSET=latin1 COLLATE=latin1_swedish_ci;

--
-- Dumping data for table `break`
--

INSERT INTO `break` (`id`, `name`, `status`) VALUES
(1, 'Bathroom', 1),
(2, 'general', 1),
(3, 'Meal', 1),
(4, 'Shelving', 0),
(5, 'Labeling Slime', 0),
(6, 'Other', 0),
(7, 'Social Media', 1),
(8, 'Paid break', 0),
(9, 'Meal break', 0),
(10, 'Mockup', 0),
(11, 'Social Media', 0);

-- --------------------------------------------------------

--
-- Table structure for table `break_taken`
--

CREATE TABLE `break_taken` (
  `id` int(11) NOT NULL,
  `date` date NOT NULL,
  `break_id` varchar(11) NOT NULL,
  `employee_id` varchar(11) NOT NULL,
  `time` varchar(255) NOT NULL
) ENGINE=MyISAM DEFAULT CHARSET=latin1 COLLATE=latin1_swedish_ci;

--
-- Dumping data for table `break_taken`
--

INSERT INTO `break_taken` (`id`, `date`, `break_id`, `employee_id`, `time`) VALUES
(1, '2022-12-19', '3', '7', '0:0:34'),
(2, '2022-12-19', '1', '3', '0:1:0'),
(3, '2022-12-26', '3', '19', '1:3:5'),
(4, '2022-12-26', '3', '28', '1:2:52'),
(5, '2022-12-26', '1', '28', '0:4:19'),
(6, '2022-12-26', '6', '31', '0:57:40'),
(7, '2022-12-26', '3', '31', '0:30:27'),
(8, '2022-12-27', '6', '19', '0:7:55'),
(9, '2022-12-27', '1', '28', '0:5:1'),
(10, '2022-12-27', '3', '28', '1:0:8'),
(11, '2022-12-27', '1', '23', '0:7:48'),
(12, '2022-12-27', '6', '23', '0:25:51'),
(13, '2022-12-27', '1', '19', '0:12:44'),
(14, '2022-12-27', '6', '19', '0:55:55'),
(15, '2022-12-27', '3', '19', '1:2:40'),
(16, '2022-12-28', 'Choose', '3', '0:0:0'),
(17, '2022-12-28', '6', '3', '0:6:55'),
(18, '2022-12-28', '3', '36', '0:0:11'),
(19, '2022-12-28', '4', '22', '0:10:46'),
(20, '2022-12-28', '5', '22', '0:13:25'),
(21, '2022-12-28', '6', '22', '0:0:0'),
(22, '2022-12-28', '1', '19', '0:9:11'),
(23, '2022-12-28', '6', '31', '1:24:23'),
(24, '2022-12-28', '3', '31', '0:2:27'),
(25, '2022-12-28', '5', '23', '1:1:16'),
(26, '2022-12-28', '6', '23', '0:3:3'),
(27, '2022-12-28', '1', '24', '0:27:33'),
(28, '2022-12-28', '3', '24', '1:1:6'),
(29, '2022-12-28', '5', '16', '0:38:50'),
(30, '2022-12-28', '1', '16', '0:7:0'),
(31, '2022-12-28', '3', '16', '0:35:5'),
(32, '2022-12-28', '4', '22', '0:6:20'),
(33, '2022-12-28', 'Choose', '22', '0:0:2'),
(34, '2022-12-28', '5', '22', '0:26:51'),
(35, '2022-12-28', '3', '22', '0:50:27'),
(36, '2022-12-28', '3', '31', '0:25:4'),
(37, '2022-12-28', '5', '7', '0:42:30'),
(38, '2022-12-28', '3', '7', '1:19:34'),
(39, '2022-12-28', '5', '13', '0:21:45'),
(40, '2022-12-28', '3', '13', '0:47:48'),
(41, '2022-12-28', '6', '13', '0:7:17'),
(42, '2022-12-28', '1', '13', '0:9:20'),
(43, '2022-12-28', '1', '8', '0:8:37'),
(44, '2022-12-28', '3', '8', '0:33:24'),
(45, '2022-12-28', '4', '18', '0:9:31'),
(46, '2022-12-28', '6', '18', '0:3:1'),
(47, '2022-12-28', '5', '18', '0:46:4'),
(48, '2022-12-28', '1', '18', '0:11:31'),
(49, '2022-12-28', '3', '18', '1:0:23'),
(50, '2022-12-28', 'Choose', '36', '0:0:0'),
(51, '2022-12-28', '3', '36', '1:2:27'),
(52, '2022-12-28', '4', '39', '0:22:9'),
(53, '2022-12-28', '3', '39', '1:8:17'),
(54, '2022-12-28', '5', '39', '1:35:58'),
(55, '2022-12-28', '1', '6', '0:11:36'),
(56, '2022-12-28', '3', '6', '1:1:36'),
(57, '2022-12-28', '6', '6', '0:15:47'),
(58, '2022-12-28', '1', '9', '0:6:20'),
(59, '2022-12-28', '6', '9', '0:9:35'),
(60, '2022-12-28', '3', '9', '1:0:14'),
(61, '2022-12-28', '1', '22', '0:6:28'),
(62, '2022-12-28', '6', '16', '0:0:0'),
(63, '2022-12-28', '3', '16', '0:34:32'),
(64, '2022-12-29', '6', '35', '0:2:48'),
(65, '2022-12-29', '1', '35', '0:4:42'),
(66, '2022-12-29', '3', '35', '0:30:58'),
(67, '2022-12-29', '4', '14', '0:5:13'),
(68, '2022-12-29', '4', '18', '0:7:57'),
(69, '2022-12-29', '6', '18', '0:9:50'),
(70, '2022-12-29', '1', '18', '0:8:3'),
(71, '2022-12-29', '5', '18', '0:19:34'),
(72, '2022-12-29', '1', '13', '0:10:14'),
(73, '2022-12-29', '7', '31', '1:37:51'),
(74, '2022-12-29', '6', '31', '0:51:41'),
(75, '2022-12-29', '3', '31', '0:32:57'),
(76, '2022-12-29', '1', '9', '0:6:39'),
(77, '2022-12-29', '3', '9', '0:5:3'),
(78, '2022-12-29', '4', '18', '0:11:13'),
(79, '2022-12-29', '3', '18', '1:3:23'),
(80, '2022-12-29', '4', '14', '0:6:27'),
(81, '2022-12-29', '6', '14', '0:6:29'),
(82, '2022-12-29', '1', '35', '0:4:52'),
(83, '2022-12-29', '3', '35', '0:20:47'),
(84, '2022-12-29', '6', '35', '0:14:50'),
(85, '2022-12-29', '1', '31', '0:41:4'),
(86, '2022-12-29', '6', '31', '0:54:16'),
(87, '2022-12-29', '5', '12', '0:49:59'),
(88, '2022-12-29', '3', '12', '0:32:26'),
(89, '2022-12-29', '6', '12', '0:6:16'),
(90, '2022-12-29', '1', '12', '0:10:33'),
(91, '2022-12-29', '1', '17', '0:4:53'),
(92, '2022-12-29', '3', '17', '0:38:17'),
(93, '2022-12-29', '5', '8', '2:45:14'),
(94, '2022-12-29', '1', '8', '0:12:34'),
(95, '2022-12-29', '3', '8', '0:53:53'),
(96, '2022-12-29', '4', '18', '0:5:14'),
(97, '2022-12-29', '5', '18', '0:15:53'),
(98, '2022-12-29', '1', '18', '1:3:34'),
(99, '2022-12-29', '4', '22', '0:11:39'),
(100, '2022-12-29', '3', '22', '0:49:29'),
(101, '2022-12-29', '5', '22', '0:43:59'),
(102, '2022-12-29', '6', '22', '0:6:9'),
(103, '2022-12-29', '5', '19', '1:19:46'),
(104, '2022-12-29', '1', '19', '0:6:0'),
(105, '2022-12-29', '3', '19', '0:59:19'),
(106, '2022-12-29', '1', '9', '0:17:49'),
(107, '2022-12-29', '6', '23', '0:19:28'),
(108, '2022-12-29', '6', '12', '0:3:8'),
(109, '2022-12-29', '4', '14', '0:6:27'),
(110, '2022-12-29', '5', '14', '0:22:18'),
(111, '2022-12-29', '5', '25', '0:33:6'),
(112, '2022-12-29', '3', '25', '0:33:34'),
(113, '2022-12-29', 'Choose', '25', '0:0:0'),
(114, '2022-12-29', '6', '31', '0:34:28'),
(115, '2022-12-29', '3', '31', '0:23:5'),
(116, '2022-12-29', '1', '7', '0:24:4'),
(117, '2022-12-29', '3', '7', '0:59:34'),
(118, '2022-12-29', '4', '22', '0:18:41'),
(119, '2022-12-29', '5', '22', '0:16:17'),
(120, '2022-12-30', '3', '35', '0:23:19'),
(121, '2022-12-30', '1', '17', '0:6:30'),
(122, '2022-12-30', '4', '7', '0:4:7'),
(123, '2022-12-30', '5', '7', '0:11:31'),
(124, '2022-12-30', '5', '12', '0:5:30'),
(125, '2022-12-30', '6', '12', '0:2:50'),
(126, '2022-12-30', '5', '18', '0:39:23'),
(127, '2022-12-30', '1', '18', '0:8:19'),
(128, '2022-12-30', '5', '8', '0:22:57'),
(129, '2022-12-30', '3', '8', '1:0:22'),
(130, '2022-12-30', '4', '16', '0:15:13'),
(131, '2022-12-30', '5', '16', '0:46:18'),
(132, '2022-12-30', '3', '16', '1:2:13'),
(133, '2022-12-30', '4', '7', '0:5:39'),
(134, '2022-12-30', '3', '7', '1:40:39'),
(135, '2022-12-30', '5', '7', '0:29:0'),
(136, '2022-12-30', '1', '7', '0:35:59'),
(137, '2022-12-30', '5', '25', '0:17:39'),
(138, '2022-12-30', '5', '23', '0:14:0'),
(139, '2022-12-30', '6', '14', '0:2:9'),
(140, '2022-12-30', '3', '14', '1:2:34'),
(141, '2022-12-30', '3', '31', '0:23:8'),
(142, '2022-12-30', '1', '31', '1:50:25'),
(143, '2022-12-30', '4', '17', '0:8:16'),
(144, '2022-12-30', '1', '17', '0:4:8'),
(145, '2022-12-30', '6', '17', '0:10:12'),
(146, '2022-12-30', '5', '17', '0:30:2'),
(147, '2022-12-30', '4', '18', '0:10:15'),
(148, '2022-12-30', '5', '18', '0:30:51'),
(149, '2022-12-30', '6', '18', '0:3:21'),
(150, '2022-12-30', '1', '18', '0:8:15'),
(151, '2022-12-30', '5', '16', '0:35:31'),
(152, '2022-12-30', '4', '35', '0:27:43'),
(153, '2022-12-30', '1', '35', '0:4:9'),
(154, '2022-12-30', '3', '35', '1:11:5'),
(155, '2023-01-02', '3', '31', '0:45:21'),
(156, '2023-01-02', '1', '12', '0:12:42'),
(157, '2023-01-02', '6', '12', '0:7:0'),
(158, '2023-01-02', '3', '12', '0:31:1'),
(159, '2023-01-02', '1', '39', '0:10:58'),
(160, '2023-01-02', '5', '13', '0:50:56'),
(161, '2023-01-02', '1', '13', '0:16:23'),
(162, '2023-01-02', '3', '13', '0:53:21'),
(163, '2023-01-03', '6', '34', '0:0:55'),
(164, '2023-01-03', '5', '39', '1:15:34'),
(165, '2023-01-03', '1', '13', '0:12:14'),
(166, '2023-01-03', '3', '13', '0:48:24'),
(167, '2023-01-03', '3', '28', '0:58:53'),
(168, '2023-01-03', '9', '39', '0:42:48'),
(169, '2023-01-03', '1', '39', '0:5:27'),
(170, '2023-01-03', '3', '39', '0:19:57'),
(171, '2023-01-03', '1', '20', '0:9:15'),
(172, '2023-01-03', '1', '34', '0:10:41'),
(173, '2023-01-03', '3', '34', '1:2:48'),
(174, '2023-01-03', 'Choose', '34', '0:0:1'),
(175, '2023-01-03', '9', '22', '0:44:35'),
(176, '2023-01-04', '9', '40', '1:4:49'),
(177, '2023-01-04', '6', '40', '0:0:0'),
(178, '2023-01-04', '6', '22', '0:0:0'),
(179, '2023-01-04', '1', '13', '0:7:58'),
(180, '2023-01-04', '9', '13', '0:54:18'),
(181, '2023-01-04', '6', '13', '0:3:8'),
(182, '2023-01-04', '5', '12', '0:30:22'),
(183, '2023-01-04', '1', '12', '0:7:35'),
(184, '2023-01-04', '6', '12', '0:9:22'),
(185, '2023-01-04', '9', '12', '0:59:7'),
(186, '2023-01-04', '1', '20', '0:11:6'),
(187, '2023-01-04', '9', '20', '1:0:27'),
(188, '2023-01-04', '8', '31', '0:28:47'),
(189, '2023-01-04', '9', '31', '0:28:2'),
(190, '2023-01-04', '8', '35', '0:27:39'),
(191, '2023-01-04', '1', '35', '0:22:35'),
(192, '2023-01-04', '9', '35', '0:36:1'),
(193, '2023-01-04', '6', '22', '0:1:38'),
(194, '2023-01-05', '1', '8', '0:53:15'),
(195, '2023-01-05', '6', '22', '0:0:1'),
(196, '2023-01-05', '1', '7', '0:12:25'),
(197, '2023-01-05', '1', '36', '0:55:13'),
(198, '2023-01-05', '1', '20', '0:10:12'),
(199, '2023-01-05', '9', '20', '0:51:34'),
(200, '2023-01-05', '6', '20', '0:2:21'),
(201, '2023-01-05', '9', '22', '0:48:19'),
(202, '2023-01-05', '1', '20', '0:12:28'),
(203, '2023-01-05', '1', '12', '0:9:20'),
(204, '2023-01-05', '6', '12', '0:6:13'),
(205, '2023-01-05', '1', '13', '0:8:23'),
(206, '2023-01-05', '9', '13', '0:59:29'),
(207, '2023-01-05', '6', '13', '0:10:46'),
(208, '2023-01-05', '1', '9', '0:10:17'),
(209, '2023-01-05', '9', '9', '0:55:59'),
(210, '2023-01-05', '5', '8', '0:19:0'),
(211, '2023-01-05', '1', '8', '0:22:20'),
(212, '2023-01-05', '1', '7', '0:21:43'),
(213, '2023-01-05', 'Choose', '16', '0:0:0'),
(214, '2023-01-05', '5', '16', '1:15:49'),
(215, '2023-01-05', '9', '16', '1:5:32'),
(216, '2023-01-05', '6', '16', '0:4:51'),
(217, '2023-01-05', '5', '18', '0:22:35'),
(218, '2023-01-05', '9', '18', '0:57:34'),
(219, '2023-01-05', '1', '18', '0:11:0'),
(220, '2023-01-05', '6', '18', '0:5:12'),
(221, '2023-01-05', '1', '35', '1:7:8'),
(222, '2023-01-05', '9', '35', '0:43:0'),
(223, '2023-01-05', '1', '14', '0:38:29'),
(224, '2023-01-05', '6', '14', '0:0:0'),
(225, '2023-01-05', '4', '22', '0:6:5'),
(226, '2023-01-05', '5', '22', '0:33:13'),
(227, '2023-01-06', '4', '16', '0:18:54'),
(228, '2023-01-06', '5', '16', '0:17:31'),
(229, '2023-01-06', '1', '18', '0:11:26'),
(230, '2023-01-06', '5', '7', '2:15:48'),
(231, '2023-01-06', '1', '13', '0:10:10'),
(232, '2023-01-06', '1', '12', '0:11:3'),
(233, '2023-01-06', '9', '12', '1:0:26'),
(234, '2023-01-06', '6', '12', '0:1:57'),
(235, '2023-01-06', '5', '18', '0:12:15'),
(236, '2023-01-06', '9', '18', '0:0:19'),
(237, '2023-01-06', '6', '18', '0:4:41'),
(238, '2023-01-06', '9', '8', '0:47:50'),
(239, '2023-01-06', 'Choose', '8', '1:6:24'),
(240, '2023-01-06', '5', '16', '1:33:47'),
(241, '2023-01-06', '9', '16', '1:0:35'),
(242, '2023-01-06', '1', '20', '0:10:10'),
(243, '2023-01-06', '9', '20', '1:2:46'),
(244, '2023-01-06', '4', '7', '0:11:38'),
(245, '2023-01-06', '1', '7', '0:24:14'),
(246, '2023-01-06', '9', '7', '1:2:9'),
(247, '2023-01-06', '5', '7', '0:35:23'),
(248, '2023-01-06', '4', '28', '0:12:2'),
(249, '2023-01-06', '1', '28', '0:4:24'),
(250, '2023-01-06', '9', '13', '1:5:59'),
(251, '2023-01-06', '1', '13', '0:10:48'),
(252, '2023-01-06', '4', '9', '0:40:58'),
(253, '2023-01-06', '5', '9', '0:58:5'),
(254, '2023-01-06', '9', '9', '1:0:28'),
(255, '2023-01-06', '1', '9', '0:5:52'),
(256, '2023-01-10', '5', '1', '0:3:38'),
(257, '2023-01-11', '4', '22', '0:31:34'),
(258, '2023-01-11', '5', '22', '0:10:48'),
(259, '2023-01-11', '9', '19', '1:0:31'),
(260, '2023-01-11', '6', '19', '0:3:27'),
(261, '2023-01-11', 'Choose', '19', '0:0:1'),
(262, '2023-01-11', '9', '24', '0:57:3'),
(263, '2023-01-11', '9', '39', '1:6:12'),
(264, '2023-01-11', '5', '23', '0:29:4'),
(265, '2023-01-11', '6', '23', '0:4:0'),
(266, '2023-01-11', '9', '36', '1:0:28'),
(267, '2023-01-11', '6', '36', '0:0:2'),
(268, '2023-01-11', '9', '22', '0:47:26'),
(269, '2023-01-11', '6', '22', '0:0:0'),
(270, '2023-01-12', '9', '13', '0:45:16'),
(271, '2023-01-12', '8', '31', '1:3:12'),
(272, '2023-01-12', '4', '23', '0:14:22'),
(273, '2023-01-12', '5', '23', '1:31:33'),
(274, '2023-01-12', '4', '22', '0:5:29'),
(275, '2023-01-12', '5', '22', '0:33:51'),
(276, '2023-01-12', '4', '39', '0:26:52'),
(277, '2023-01-12', '5', '39', '1:27:29'),
(278, '2023-01-12', '4', '13', '0:8:24'),
(279, '2023-01-12', '9', '4', '1:4:19'),
(280, '2023-01-12', '6', '4', '1:41:6'),
(281, '2023-01-12', '5', '19', '0:43:30'),
(282, '2023-01-12', '9', '19', '0:45:36'),
(283, '2023-01-12', '4', '22', '0:11:9'),
(284, '2023-01-12', '6', '22', '0:12:37'),
(285, '2023-01-12', '5', '22', '0:39:13'),
(286, '2023-01-12', '4', '39', '0:8:53'),
(287, '2023-01-12', '5', '39', '0:41:12'),
(288, '2023-01-12', '9', '39', '1:1:5'),
(289, '2023-01-12', '4', '13', '0:8:15'),
(290, '2023-01-12', '5', '13', '1:37:26'),
(291, '2023-01-12', '9', '13', '0:49:48'),
(292, '2023-01-12', '6', '4', '0:5:48'),
(293, '2023-01-12', '5', '8', '1:27:10'),
(294, '2023-01-12', '6', '8', '1:23:57'),
(295, '2023-01-12', '5', '23', '1:8:46'),
(296, '2023-01-12', '6', '23', '0:8:30'),
(297, '2023-01-12', '9', '23', '0:58:40'),
(298, '2023-01-12', '9', '14', '1:3:23'),
(299, '2023-01-12', '6', '14', '0:6:39'),
(300, '2023-01-12', 'Choose', '14', '0:12:41'),
(301, '2023-01-12', '9', '17', '1:1:35'),
(302, '2023-01-12', '6', '17', '0:6:21'),
(303, '2023-01-12', '9', '9', '0:58:21'),
(304, '2023-01-12', '5', '18', '1:10:29'),
(305, '2023-01-12', '9', '18', '0:58:24'),
(306, '2023-01-12', '9', '36', '1:33:42'),
(307, '2023-01-12', '9', '30', '0:43:16'),
(308, '2023-01-12', '6', '30', '0:13:17'),
(309, '2023-01-12', '4', '14', '0:18:16'),
(310, '2023-01-12', '4', '22', '0:1:10'),
(311, '2023-01-12', '5', '22', '0:49:14'),
(312, '2023-01-12', '9', '22', '0:51:30'),
(313, '2023-01-13', '5', '23', '0:45:31'),
(314, '2023-01-13', '5', '19', '0:41:54'),
(315, '2023-01-13', '5', '25', '0:0:1'),
(316, '2023-01-13', '4', '25', '20:49:25'),
(317, '2023-01-13', '9', '28', '1:1:23'),
(318, '2023-01-13', '4', '23', '0:14:56'),
(319, '2023-01-13', '9', '23', '0:53:42'),
(320, '2023-01-13', '5', '23', '0:26:19'),
(321, '2023-01-13', '8', '30', '0:3:8'),
(322, '2023-01-13', '6', '30', '1:10:28'),
(323, '2023-01-13', '9', '40', '1:10:0'),
(324, '2023-01-13', '5', '13', '1:8:19'),
(325, '2023-01-13', '4', '13', '0:16:44'),
(326, '2023-01-13', '9', '13', '0:57:41'),
(327, '2023-01-13', '4', '16', '0:20:17'),
(328, '2023-01-13', '5', '16', '0:46:16'),
(329, '2023-01-13', '9', '16', '1:7:1'),
(330, '2023-01-13', '6', '24', '0:18:2'),
(331, '2023-01-13', '4', '9', '0:7:55'),
(332, '2023-01-13', '5', '9', '0:37:33'),
(333, '2023-01-13', '9', '9', '1:0:35'),
(334, '2023-01-13', '9', '4', '1:5:46'),
(335, '2023-01-13', '6', '4', '0:5:22'),
(336, '2023-01-16', '5', '13', '0:39:31'),
(337, '2023-01-16', '9', '13', '0:45:31'),
(338, '2023-01-16', '9', '39', '1:8:35'),
(339, '2023-01-16', '6', '23', '0:4:9'),
(340, '2023-01-17', '9', '28', '1:0:29'),
(341, '2023-01-17', '9', '23', '1:2:28'),
(342, '2023-01-17', '5', '39', '1:31:30'),
(343, '2023-01-17', '6', '39', '0:26:56'),
(344, '2023-01-17', '9', '39', '1:3:48'),
(345, '2023-01-17', '6', '28', '0:3:56'),
(346, '2023-01-17', '5', '22', '1:0:16'),
(347, '2023-01-17', '9', '22', '0:52:35'),
(348, '2023-01-17', '6', '22', '0:2:50'),
(349, '2023-01-18', '4', '13', '0:22:32'),
(350, '2023-01-18', '5', '13', '1:21:28'),
(351, '2023-01-18', '4', '22', '0:5:53'),
(352, '2023-01-18', '5', '22', '0:43:19'),
(353, '2023-01-18', '4', '27', '0:14:36'),
(354, '2023-01-18', '9', '27', '1:2:55'),
(355, '2023-01-18', '9', '24', '0:58:44'),
(356, '2023-01-18', '6', '24', '0:39:43'),
(357, '2023-01-18', '4', '39', '0:3:25'),
(358, '2023-01-18', '5', '39', '0:49:55'),
(359, '2023-01-18', '9', '39', '1:2:49'),
(360, '2023-01-18', '5', '19', '0:44:54'),
(361, '2023-01-18', '9', '19', '1:3:0'),
(362, '2023-01-18', '9', '13', '1:1:19'),
(363, '2023-01-18', '5', '8', '0:41:18'),
(364, '2023-01-18', '6', '8', '0:20:45'),
(365, '2023-01-18', '9', '8', '0:58:1'),
(366, '2023-01-18', '5', '9', '0:17:27'),
(367, '2023-01-18', '9', '9', '1:0:3'),
(368, '2023-01-18', '6', '9', '0:9:48'),
(369, '2023-01-18', '8', '30', '0:9:24'),
(370, '2023-01-18', '6', '30', '0:9:47'),
(371, '2023-01-18', '9', '30', '0:33:7'),
(372, '2023-01-18', '4', '27', '0:11:59'),
(373, '2023-01-18', '9', '14', '1:1:56'),
(374, '2023-01-18', '6', '14', '0:49:48'),
(375, '2023-01-19', '6', '36', '0:22:50'),
(376, '2023-01-19', '9', '36', '1:38:2'),
(377, '2023-01-19', 'Choose', '8', '0:0:0'),
(378, '2023-01-19', '5', '23', '0:57:23'),
(379, '2023-01-19', 'Choose', '23', '0:0:2'),
(380, '2023-01-19', '4', '14', '0:44:49'),
(381, '2023-01-19', '4', '27', '0:11:5'),
(382, '2023-01-19', '9', '27', '1:3:52'),
(383, '2023-01-19', '8', '30', '1:7:44'),
(384, '2023-01-19', '9', '30', '0:58:55'),
(385, '2023-01-19', '6', '30', '0:11:8'),
(386, '2023-01-19', '4', '30', '0:7:21'),
(387, '2023-01-19', '6', '40', '0:1:11'),
(388, '2023-01-19', '9', '12', '1:3:21'),
(389, '2023-01-19', '6', '12', '0:3:43'),
(390, '2023-01-19', '9', '13', '1:5:19'),
(391, '2023-01-19', '5', '13', '0:0:2'),
(392, '2023-01-19', '5', '9', '1:30:8'),
(393, '2023-01-19', '6', '9', '0:13:13'),
(394, '2023-01-19', '9', '9', '0:58:6'),
(395, '2023-01-19', '9', '4', '1:7:29'),
(396, '2023-01-19', '6', '4', '0:4:49'),
(397, '2023-01-19', '5', '23', '0:1:48'),
(398, '2023-01-19', '6', '23', '0:11:38'),
(399, '2023-01-19', '9', '23', '1:1:17'),
(400, '2023-01-19', '9', '16', '1:2:30'),
(401, '2023-01-19', '6', '16', '0:6:49'),
(402, '2023-01-19', '4', '14', '0:12:22'),
(403, '2023-01-19', '5', '14', '0:49:14'),
(404, '2023-01-19', '6', '39', '0:31:30'),
(405, '2023-01-19', '8', '30', '0:9:21'),
(406, '2023-01-19', '5', '22', '0:24:31'),
(407, '2023-01-19', '9', '22', '1:4:0'),
(408, '2023-01-19', '6', '22', '1:3:49'),
(409, '2023-01-20', '4', '23', '0:11:26'),
(410, '2023-01-20', '4', '28', '0:11:36'),
(411, '2023-01-20', '6', '28', '0:4:11'),
(412, '2023-01-20', '5', '40', '0:6:41'),
(413, '2023-01-20', '6', '40', '0:4:34'),
(414, '2023-01-20', '9', '4', '1:7:32'),
(415, '2023-01-20', '6', '4', '0:2:41'),
(416, '2023-01-20', '8', '30', '0:7:25'),
(417, '2023-01-20', '9', '30', '1:29:13'),
(418, '2023-01-20', '6', '30', '0:18:3'),
(419, '2023-01-20', '6', '36', '1:30:34'),
(420, '2023-01-20', '9', '16', '1:29:0'),
(421, '2023-01-20', '5', '23', '0:21:15'),
(422, '2023-01-20', '9', '23', '1:2:22'),
(423, '2023-01-20', '4', '30', '0:6:50'),
(424, '2023-01-20', '9', '24', '0:59:32'),
(425, '2023-01-20', '5', '28', '0:18:56'),
(426, '2023-01-20', '4', '23', '0:47:37'),
(427, '2023-01-20', '5', '12', '0:33:46'),
(428, '2023-01-20', '9', '12', '1:1:31'),
(429, '2023-01-20', '6', '12', '0:9:57'),
(430, '2023-01-20', '5', '16', '2:22:17'),
(431, '2023-01-20', '5', '8', '1:36:52'),
(432, '2023-01-20', '6', '8', '0:5:0'),
(433, '2023-01-20', '9', '8', '1:49:19'),
(434, '2023-01-20', '5', '19', '0:12:16'),
(435, '2023-01-23', '6', '36', '0:44:28'),
(436, '2023-01-23', '5', '39', '0:31:58'),
(437, '2023-01-23', '6', '39', '0:1:51'),
(438, '2023-01-23', '9', '39', '1:14:4'),
(439, '2023-01-23', '5', '23', '0:54:5'),
(440, '2023-01-23', '9', '23', '1:7:40'),
(441, '2023-01-23', '6', '36', '0:30:36'),
(442, '2023-01-23', '6', '23', '0:9:56'),
(443, '2023-01-24', '5', '39', '1:25:23'),
(444, '2023-01-24', '9', '39', '1:2:19'),
(445, '2023-01-24', '5', '23', '1:26:49'),
(446, '2023-01-24', '9', '23', '1:2:53'),
(447, '2023-01-24', '9', '28', '1:0:25'),
(448, '2023-01-24', '9', '36', '2:12:10'),
(449, '2023-01-24', '6', '36', '0:9:48'),
(450, '2023-01-24', '5', '13', '1:53:25'),
(451, '2023-01-24', '9', '13', '0:56:28'),
(452, '2023-01-25', '5', '23', '0:10:56'),
(453, '2023-01-25', '9', '23', '0:49:14'),
(454, '2023-01-25', '9', '12', '1:0:43'),
(455, '2023-01-25', '11', '12', '0:1:37'),
(456, '2023-01-25', '6', '12', '0:8:38'),
(457, '2023-01-25', '5', '36', '3:21:54'),
(458, '2023-01-25', '6', '36', '1:2:23'),
(459, '2023-01-25', '9', '36', '1:25:55'),
(460, '2023-01-25', '9', '16', '0:59:23'),
(461, '2023-01-25', '4', '9', '0:16:26'),
(462, '2023-01-25', '5', '9', '1:12:57'),
(463, '2023-01-25', '9', '9', '0:59:28'),
(464, '2023-01-25', '6', '4', '0:7:29'),
(465, '2023-01-25', '9', '4', '1:6:11'),
(466, '2023-01-25', '6', '23', '0:16:36'),
(467, '2023-01-25', '9', '39', '1:4:15'),
(468, '2023-01-25', '5', '39', '0:55:48'),
(469, '2023-01-25', '6', '39', '0:25:25'),
(470, '2023-01-25', '9', '13', '1:3:5'),
(471, '2023-01-25', '6', '13', '0:29:42'),
(472, '2023-01-26', '9', '8', '1:2:2'),
(473, '2023-01-26', 'Choose', '8', '0:4:32'),
(474, '2023-01-26', '5', '39', '0:6:43'),
(475, '2023-01-26', '4', '8', '0:13:5'),
(476, '2023-01-26', '5', '12', '1:5:30'),
(477, '2023-01-26', '9', '12', '0:0:9'),
(478, '2023-01-26', '9', '12', '0:0:0'),
(479, '2023-01-26', '5', '16', '0:21:3'),
(480, '2023-01-26', '9', '16', '0:59:19'),
(481, '2023-01-26', '5', '39', '0:0:0'),
(482, '2023-01-26', '9', '39', '1:19:42'),
(483, '2023-01-26', '4', '22', '0:13:13'),
(484, '2023-01-26', '5', '22', '0:45:52'),
(485, '2023-01-26', '9', '36', '1:5:48'),
(486, '2023-01-26', '6', '36', '1:2:48'),
(487, '2023-01-26', '5', '23', '1:30:24'),
(488, '2023-01-26', '9', '23', '0:58:45'),
(489, '2023-01-26', '6', '23', '0:7:5'),
(490, '2023-01-26', '5', '36', '0:53:16'),
(491, '2023-01-26', '9', '18', '1:2:50'),
(492, '2023-01-26', '6', '18', '0:9:19'),
(493, '2023-01-26', '5', '12', '0:45:29'),
(494, '2023-01-26', '9', '12', '1:0:37'),
(495, '2023-01-26', '6', '12', '0:18:57'),
(496, '2023-01-26', '6', '16', '0:4:5'),
(497, '2023-01-26', '4', '9', '0:16:3'),
(498, '2023-01-26', '6', '9', '0:0:56'),
(499, '2023-01-26', '9', '9', '0:55:27'),
(500, '2023-01-26', '5', '9', '1:19:46'),
(501, '2023-01-26', '9', '22', '1:5:9'),
(502, '2023-01-26', '6', '22', '0:0:1'),
(503, '2023-01-27', '6', '12', '0:5:42'),
(504, '2023-01-27', '6', '18', '0:4:9'),
(505, '2023-01-27', '9', '18', '1:2:4'),
(506, '2023-01-27', '9', '12', '0:0:0'),
(507, '2023-01-27', '5', '23', '1:5:31'),
(508, '2023-01-27', '9', '23', '0:57:27'),
(509, '2023-01-27', '5', '28', '0:55:52'),
(510, '2023-01-27', 'Choose', '28', '0:6:43'),
(511, '2023-01-27', '9', '28', '1:0:58'),
(512, '2023-01-27', '9', '16', '1:2:40'),
(513, '2023-01-27', '5', '24', '0:27:25'),
(514, '2023-01-27', '9', '24', '0:57:45'),
(515, '2023-01-27', '9', '9', '0:59:9'),
(516, '2023-01-27', '5', '36', '0:57:11'),
(517, '2023-01-27', '9', '36', '1:2:30'),
(518, '2023-01-27', '6', '36', '0:27:32'),
(519, '2023-01-30', '5', '13', '0:14:15'),
(520, '2023-01-30', '9', '13', '1:1:34'),
(521, '2023-01-30', '5', '39', '0:18:36'),
(522, '2023-01-30', '9', '39', '1:2:19'),
(523, '2023-01-30', '9', '28', '1:0:7'),
(524, '2023-01-30', '6', '28', '0:4:10'),
(525, '2023-01-30', '5', '23', '1:42:6'),
(526, '2023-01-30', '9', '23', '1:4:44'),
(527, '2023-01-30', '6', '23', '0:8:8'),
(528, '2023-01-30', '9', '36', '2:18:4'),
(529, '2023-01-30', '9', '36', '2:18:4'),
(530, '2023-01-31', '8', '30', '0:33:14'),
(531, '2023-01-31', '6', '30', '0:6:57'),
(532, '2023-01-31', '9', '28', '0:15:15'),
(533, '2023-01-31', '6', '28', '0:13:41'),
(534, '2023-01-31', '8', '4', '0:34:33'),
(535, '2023-02-02', 'Choose', '36', '0:0:0'),
(536, '2023-02-02', '4', '14', '0:5:36'),
(537, '2023-02-02', '9', '36', '0:1:4'),
(538, '2023-02-02', '5', '36', '0:0:13'),
(539, '2023-02-02', '4', '27', '0:7:27'),
(540, '2023-02-02', 'Choose', '27', '0:5:2'),
(541, '2023-02-02', '9', '27', '1:3:22'),
(542, '2023-02-02', '5', '13', '1:19:20'),
(543, '2023-02-02', '9', '13', '1:1:21'),
(544, '2023-02-02', '9', '4', '1:4:32'),
(545, '2023-02-02', '6', '4', '0:13:12'),
(546, '2023-02-02', '9', '12', '0:27:29'),
(547, '2023-02-02', '6', '12', '0:8:36'),
(548, '2023-02-02', '6', '14', '0:9:22'),
(549, '2023-02-02', '6', '36', '0:35:31'),
(550, '2023-02-02', '9', '18', '1:1:13'),
(551, '2023-02-02', '8', '30', '0:11:50'),
(552, '2023-02-02', '6', '30', '2:59:1'),
(553, '2023-02-02', '9', '30', '0:51:58'),
(554, '2023-02-02', '5', '42', '0:32:33'),
(555, '2023-02-02', '9', '42', '0:34:39'),
(556, '2023-02-02', '6', '42', '0:1:54'),
(557, '2023-02-02', 'Choose', '27', '0:13:3'),
(558, '2023-02-03', '6', '24', '0:7:23'),
(559, '2023-02-03', '5', '36', '1:22:52'),
(560, '2023-02-03', '4', '9', '0:8:58'),
(561, '2023-02-03', '5', '9', '0:34:43'),
(562, '2023-02-03', '6', '42', '0:2:34'),
(563, '2023-02-03', '4', '9', '0:5:21'),
(564, '2023-02-03', '9', '9', '0:56:24'),
(565, '2023-02-03', '5', '9', '0:3:33'),
(566, '2023-02-03', '9', '40', '1:8:1'),
(567, '2023-02-03', '4', '14', '0:24:47'),
(568, '2023-02-03', '9', '14', '1:11:43'),
(569, '2023-02-03', '4', '23', '0:15:34'),
(570, '2023-02-03', '9', '23', '0:50:8'),
(571, '2023-02-03', '5', '23', '1:18:41'),
(572, '2023-02-03', '4', '27', '0:11:27'),
(573, '2023-02-03', '9', '27', '1:5:21'),
(574, '2023-02-03', '9', '28', '1:2:34'),
(575, '2023-02-03', '6', '28', '0:6:12'),
(576, '2023-02-03', '8', '30', '0:9:16'),
(577, '2023-02-03', '4', '30', '0:21:37'),
(578, '2023-02-03', '6', '30', '0:11:22'),
(579, '2023-02-03', '5', '36', '0:57:47'),
(580, '2023-02-03', '9', '36', '1:7:47'),
(581, '2023-02-03', '6', '36', '0:9:37'),
(582, '2023-02-03', 'Choose', '36', '0:0:1'),
(583, '2023-02-03', '5', '23', '0:22:14'),
(584, '2023-02-03', '9', '24', '1:1:11'),
(585, '2023-02-03', '6', '24', '2:0:55'),
(586, '2023-02-03', '5', '18', '0:28:46'),
(587, '2023-02-03', '6', '18', '0:7:14'),
(588, '2023-02-03', '9', '18', '1:0:23'),
(589, '2023-02-03', '5', '16', '0:55:8'),
(590, '2023-02-03', '9', '16', '1:6:26'),
(591, '2023-02-03', '6', '16', '0:29:40'),
(592, '2023-02-03', '4', '9', '0:5:22'),
(593, '2023-02-03', '5', '9', '0:26:15'),
(594, '2023-02-03', '9', '13', '1:5:13'),
(595, '2023-02-04', '5', '22', '0:35:47'),
(596, '2023-02-04', '5', '13', '1:5:55'),
(597, '2023-02-04', '6', '13', '0:26:5'),
(598, '2023-02-04', '9', '13', '1:4:11'),
(599, '2023-02-06', '9', '22', '0:43:53'),
(600, '2023-02-06', '9', '28', '1:1:11'),
(601, '2023-02-06', '5', '13', '0:8:32'),
(602, '2023-02-06', '9', '13', '1:4:28'),
(603, '2023-02-07', '9', '40', '1:10:18'),
(604, '2023-02-07', '4', '29', '0:0:0'),
(605, '2023-02-07', '9', '29', '0:0:6'),
(606, '2023-02-07', '4', '28', '0:6:23'),
(607, '2023-02-07', '5', '28', '0:46:12'),
(608, '2023-02-07', '9', '28', '1:0:4'),
(609, '2023-02-07', '6', '28', '0:4:10'),
(610, '2023-02-08', '4', '22', '0:17:45'),
(611, '2023-02-08', '5', '22', '0:50:46'),
(612, '2023-02-08', '9', '44', '1:2:3'),
(613, '2023-02-08', '6', '44', '0:6:55'),
(614, '2023-02-08', '4', '42', '0:25:57'),
(615, '2023-02-08', '6', '42', '0:2:58'),
(616, '2023-02-08', '5', '42', '0:38:42'),
(617, '2023-02-08', '9', '42', '0:59:51'),
(618, '2023-02-08', 'Choose', '42', '0:0:1'),
(619, '2023-02-08', '9', '16', '1:2:34'),
(620, '2023-02-08', '9', '22', '0:47:48'),
(621, '2023-02-08', '6', '22', '0:9:22'),
(622, '2023-02-08', '9', '39', '1:2:13'),
(623, '2023-02-08', '5', '24', '2:15:58'),
(624, '2023-02-08', '9', '24', '1:6:36'),
(625, '2023-02-08', '9', '18', '1:0:21'),
(626, '2023-02-08', '6', '18', '0:7:9'),
(627, '2023-02-08', '9', '9', '1:3:18'),
(628, '2023-02-08', 'Choose', '43', '1:8:16'),
(629, '2023-02-08', '9', '45', '1:3:54'),
(630, '2023-02-08', '6', '44', '0:11:31'),
(631, '2023-02-09', '9', '36', '1:6:3'),
(632, '2023-02-09', '6', '36', '15:42:22'),
(633, '2023-02-09', '5', '36', '1:56:35'),
(634, '2023-02-09', '6', '22', '0:15:51'),
(635, '2023-02-09', '9', '18', '1:2:37'),
(636, '2023-02-09', '9', '40', '1:4:5'),
(637, '2023-02-09', '9', '44', '0:59:47'),
(638, '2023-02-09', '6', '44', '0:7:25'),
(639, '2023-02-09', '4', '42', '0:6:31'),
(640, '2023-02-09', '6', '42', '0:7:21'),
(641, '2023-02-09', '5', '42', '1:47:22'),
(642, '2023-02-09', '9', '42', '1:3:36'),
(643, '2023-02-09', 'Choose', '36', '0:0:0'),
(644, '2023-02-09', '6', '36', '0:46:21'),
(645, '2023-02-09', '9', '16', '0:51:18'),
(646, '2023-02-09', '5', '9', '0:44:34'),
(647, '2023-02-09', '9', '9', '1:2:39'),
(648, '2023-02-09', '8', '30', '0:11:55'),
(649, '2023-02-09', '4', '30', '0:15:39'),
(650, '2023-02-09', '9', '30', '0:44:36'),
(651, '2023-02-09', '6', '30', '0:48:0'),
(652, '2023-02-10', '4', '9', '0:7:44'),
(653, '2023-02-10', '6', '12', '0:5:10'),
(654, '2023-02-10', '9', '44', '0:57:34'),
(655, '2023-02-10', '6', '44', '0:5:14'),
(656, '2023-02-10', '5', '9', '1:26:57'),
(657, '2023-02-10', '9', '9', '0:55:6'),
(658, '2023-02-10', '9', '4', '0:55:59'),
(659, '2023-02-10', '6', '4', '0:6:44'),
(660, '2023-02-10', '9', '22', '0:52:15'),
(661, '2023-02-10', '6', '12', '0:3:4'),
(662, '2023-02-10', '9', '40', '1:7:55'),
(663, '2023-02-10', '9', '16', '1:0:58'),
(664, '2023-02-10', '4', '28', '0:7:45'),
(665, '2023-02-10', '9', '28', '1:0:59'),
(666, '2023-02-10', '5', '28', '0:34:4'),
(667, '2023-02-10', '6', '28', '0:3:3'),
(668, '2023-02-10', '5', '9', '0:13:52'),
(669, '2023-02-10', '5', '36', '3:9:7'),
(670, '2023-02-10', '9', '36', '2:16:29'),
(671, '2023-02-10', '6', '36', '0:2:38'),
(672, '2023-02-12', '4', '3', '0:1:19'),
(673, '2023-02-13', '5', '4', '0:1:29'),
(674, '2023-02-13', '9', '8', '0:1:19'),
(675, '2023-02-13', '9', '36', '1:3:26'),
(676, '2023-02-13', '9', '22', '0:33:40'),
(677, '2023-02-13', '9', '39', '1:5:35'),
(678, '2023-02-13', '9', '13', '1:3:8'),
(679, '2023-02-13', '5', '36', '2:44:51'),
(680, '2023-02-14', '9', '29', '0:0:6'),
(681, '2023-02-14', '9', '29', '0:0:10'),
(682, '2023-02-14', '8', '22', '0:16:11'),
(683, '2023-02-14', '9', '40', '1:16:28'),
(684, '2023-02-14', '4', '39', '0:21:7'),
(685, '2023-02-14', '9', '39', '1:3:56'),
(686, '2023-02-14', '5', '39', '1:30:44'),
(687, '2023-02-14', '5', '28', '0:8:28'),
(688, '2023-02-14', '6', '28', '0:1:23'),
(689, '2023-02-14', '9', '28', '1:1:3'),
(690, '2023-02-14', '9', '44', '1:1:38'),
(691, '2023-02-14', '6', '44', '0:17:5'),
(692, '2023-02-15', 'Choose', '36', '3:39:59'),
(693, '2023-02-15', '9', '36', '1:0:24'),
(694, '2023-02-15', '6', '44', '0:9:29'),
(695, '2023-02-15', '8', '22', '0:11:33'),
(696, '2023-02-15', '4', '22', '0:8:12'),
(697, '2023-02-15', '5', '22', '0:31:25'),
(698, '2023-02-15', '9', '40', '1:15:21'),
(699, '2023-02-15', '9', '44', '0:54:46'),
(700, '2023-02-15', '6', '44', '0:8:15'),
(701, '2023-02-15', '5', '13', '1:12:9'),
(702, '2023-02-15', '9', '13', '1:12:52'),
(703, '2023-02-15', '5', '42', '1:4:13'),
(704, '2023-02-15', '9', '42', '1:4:0'),
(705, '2023-02-15', '9', '24', '0:44:54'),
(706, '2023-02-15', '9', '39', '1:3:35'),
(707, '2023-02-15', '6', '44', '0:9:20'),
(708, '2023-02-15', '5', '36', '2:53:18'),
(709, '2023-02-15', '9', '36', '2:20:53'),
(710, '2023-02-16', '8', '30', '0:5:10'),
(711, '2023-02-16', '6', '30', '0:5:28'),
(712, '2023-02-16', '9', '30', '0:39:34'),
(713, '2023-02-16', '5', '14', '0:0:12'),
(714, '2023-02-16', '4', '30', '0:13:21'),
(715, '2023-02-16', '6', '44', '0:8:19'),
(716, '2023-02-16', '4', '9', '0:15:18'),
(717, '2023-02-16', 'Choose', '9', '0:0:1'),
(718, '2023-02-16', '5', '9', '0:44:22'),
(719, '2023-02-16', '9', '44', '1:2:31'),
(720, '2023-02-16', '6', '44', '0:9:14'),
(721, '2023-02-16', '4', '14', '0:32:2'),
(722, '2023-02-16', '9', '14', '0:59:22'),
(723, '2023-02-16', '8', '22', '0:14:21'),
(724, '2023-02-16', '9', '22', '0:32:30'),
(725, '2023-02-16', '9', '13', '1:4:17'),
(726, '2023-02-16', '4', '14', '0:2:5'),
(727, '2023-02-16', '5', '14', '0:5:16'),
(728, '2023-02-16', '9', '30', '0:51:46'),
(729, '2023-02-16', '6', '30', '0:19:3'),
(730, '2023-02-16', '6', '36', '5:29:18'),
(731, '2023-02-16', '9', '42', '1:0:59'),
(732, '2023-02-16', '6', '42', '0:0:25'),
(733, '2023-02-16', '6', '12', '0:12:15'),
(734, '2023-02-16', '5', '39', '2:1:7'),
(735, '2023-02-16', '9', '39', '1:3:50'),
(736, '2023-02-16', '8', '30', '0:6:22'),
(737, '2023-02-16', '6', '30', '0:4:26'),
(738, '2023-02-17', '4', '30', '1:17:6'),
(739, '2023-02-17', '6', '12', '0:3:3'),
(740, '2023-02-17', '6', '44', '0:9:31'),
(741, '2023-02-17', '4', '28', '0:8:46'),
(742, '2023-02-17', '6', '28', '0:3:15'),
(743, '2023-02-17', '5', '28', '0:8:41'),
(744, '2023-02-17', '4', '22', '0:16:21'),
(745, '2023-02-17', '5', '22', '0:0:0'),
(746, '2023-02-17', '6', '12', '0:5:37'),
(747, '2023-02-17', '4', '22', '0:5:20'),
(748, '2023-02-17', '5', '22', '0:9:18'),
(749, '2023-02-17', '9', '22', '0:37:33'),
(750, '2023-02-17', '9', '9', '1:2:41'),
(751, '2023-02-17', '5', '9', '0:37:38'),
(752, '2023-02-17', '9', '16', '1:7:50'),
(753, '2023-02-17', '9', '44', '0:35:9'),
(754, '2023-02-17', '6', '44', '0:13:19'),
(755, '2023-02-17', '4', '28', '0:9:33'),
(756, '2023-02-17', '5', '28', '0:34:58'),
(757, '2023-02-17', '9', '28', '1:0:52'),
(758, '2023-02-20', '8', '22', '0:11:55'),
(759, '2023-02-20', '5', '13', '2:18:25'),
(760, '2023-02-20', '9', '13', '1:8:11'),
(761, '2023-02-20', '6', '25', '0:4:0'),
(762, '2023-02-21', '9', '28', '0:57:24'),
(763, '2023-02-21', '6', '28', '0:5:11'),
(764, '2023-02-21', '9', '44', '1:0:23'),
(765, '2023-02-21', '6', '44', '0:7:57'),
(766, '2023-02-21', '5', '28', '0:6:0'),
(767, '2023-02-22', '5', '23', '1:14:47'),
(768, '2023-02-22', '9', '23', '1:3:34'),
(769, '2023-02-22', '9', '44', '1:10:21'),
(770, '2023-02-22', '6', '44', '0:8:32'),
(771, '2023-02-22', '9', '24', '0:30:30'),
(772, '2023-02-22', '5', '36', '1:13:58'),
(773, '2023-02-22', '9', '36', '1:35:47'),
(774, '2023-02-22', '6', '36', '0:41:7'),
(775, '2023-02-22', '5', '13', '0:41:25'),
(776, '2023-02-22', 'Choose', '27', '0:16:36'),
(777, '2023-02-22', '6', '23', '0:6:39'),
(778, '2023-02-23', '9', '44', '1:5:48'),
(779, '2023-02-23', 'Choose', '46', '0:56:0'),
(780, '2023-02-23', '5', '23', '1:16:19'),
(781, '2023-02-23', '9', '23', '0:58:47'),
(782, '2023-02-23', '9', '12', '1:3:0'),
(783, '2023-02-23', '6', '12', '0:15:27'),
(784, '2023-02-23', '5', '13', '1:53:26'),
(785, '2023-02-23', '9', '13', '0:0:0'),
(786, '2023-02-23', 'Choose', '48', '0:0:4');

-- --------------------------------------------------------

--
-- Table structure for table `data`
--

CREATE TABLE `data` (
  `id` int(11) NOT NULL,
  `date` date NOT NULL,
  `username` int(11) NOT NULL,
  `start_time` varchar(255) NOT NULL,
  `end_time` varchar(255) NOT NULL,
  `total_working_time` varchar(255) NOT NULL,
  `target_working_time` varchar(255) NOT NULL,
  `target_quota` double NOT NULL,
  `actual_quota` double NOT NULL,
  `sku_packed` int(11) NOT NULL
) ENGINE=MyISAM DEFAULT CHARSET=latin1 COLLATE=latin1_swedish_ci;

--
-- Dumping data for table `data`
--

INSERT INTO `data` (`id`, `date`, `username`, `start_time`, `end_time`, `total_working_time`, `target_working_time`, `target_quota`, `actual_quota`, `sku_packed`) VALUES
(338, '2022-11-04', 22, '2022-11-04 11:09:21', '2022-11-04 12:38:07', '01:19:50', 'null', 0, 121, 20),
(292, '2022-11-03', 9, '2022-11-03 08:45:49', '2022-11-03 09:07:44', '00:21:57', 'null', 0, 260, 3),
(293, '2022-11-03', 1, '2022-11-03 09:05:59', '2022-11-03 10:05:25', '00:59:27', 'null', 0, 400, 3),
(294, '2022-11-03', 2, '2022-11-03 09:05:39', '2022-11-03 10:13:45', '00:59:08', 'null', 0, 321, 1),
(295, '2022-11-03', 3, '2022-11-03 09:05:10', '2022-11-03 10:19:52', '00:31:28', 'null', 0, 327, 3),
(296, '2022-11-03', 2, '2022-11-03 10:42:17', '2022-11-03 11:52:12', '01:09:57', 'null', 0, 66, 1),
(297, '2022-11-03', 2, '2022-11-03 11:56:53', '2022-11-03 13:11:22', '00:11:01', 'null', 0, 66, 1),
(298, '2022-11-03', 1, '2022-11-03 09:01:53', '2022-11-03 13:42:55', '03:29:38', 'null', 0, 0, 1),
(299, '2022-11-03', 5, '2022-11-03 09:09:42', '2022-11-03 13:43:57', '04:29:17', 'null', 0, 0, 3),
(300, '2022-11-03', 2, '2022-11-03 10:02:13', '2022-11-03 13:47:13', '01:45:36', 'null', 0, 250, 3),
(339, '2022-11-04', 28, '2022-11-04 11:27:47', '2022-11-04 13:04:58', '00:35:11', 'null', 0, 143, 38),
(302, '2022-11-03', 1, '2022-11-03 10:19:51', '2022-11-03 13:54:59', '02:33:16', 'null', 0, 120, 6),
(303, '2022-11-03', 1, '2022-11-03 11:09:06', '2022-11-03 13:55:37', '02:46:33', 'null', 0, 80, 7),
(304, '2022-11-03', 2, '2022-11-02 17:34:42', '2022-11-03 14:01:22', '20:26:42', 'null', 0, 0, 3),
(305, '2022-11-03', 3, '2022-11-03 10:25:59', '2022-11-03 14:01:59', '02:09:02', 'null', 0, 0, 2),
(306, '2022-11-03', 1, '2022-11-03 09:05:11', '2022-11-03 14:02:38', '03:57:46', 'null', 0, 400, 1),
(307, '2022-11-03', 2, '2022-11-03 13:29:13', '2022-11-03 14:03:51', '00:34:40', 'null', 0, 0, 2),
(308, '2022-11-03', 18, '2022-11-03 13:59:52', '2022-11-03 14:04:09', '00:00:44', 'null', 0, 117, 6),
(309, '2022-11-03', 13, '2022-11-0314:07:38', '2022-11-0314:07:50', '00:00:14', 'null', 0, 413, 19),
(311, '2022-11-03', 18, '2022-11-03 14:04:44', '2022-11-03 14:20:58', '00:16:16', 'null', 0, 117, 38),
(337, '2022-11-04', 18, '2022-11-04 11:43:30', '2022-11-04 11:58:08', '00:14:39', 'null', 0, 91, 38),
(313, '2022-11-03', 18, '2022-11-03 15:00:07', '2022-11-03 15:22:30', '00:22:24', 'null', 0, 150, 37),
(314, '2022-11-03', 30, '2022-11-03 15:48:56', '2022-11-03 16:39:05', '00:42:55', 'null', 0, 350, 29),
(315, '2022-11-03', 18, '2022-11-03 16:01:43', '2022-11-03 16:46:52', '00:45:11', 'null', 0, 116, 6),
(316, '2022-11-03', 14, '2022-11-03 14:11:10', '2022-11-03 16:50:37', '02:29:37', 'null', 0, 111, 7),
(317, '2022-11-03', 9, '2022-11-03 13:58:25', '2022-11-03 16:51:40', '01:44:38', 'null', 0, 299, 9),
(318, '2022-11-03', 19, '2022-11-03 13:50:09', '2022-11-03 16:55:22', '03:00:45', 'null', 0, 386, 16),
(319, '2022-11-03', 20, '2022-11-03 14:11:44', '2022-11-03 16:59:55', '02:40:46', 'null', 0, 300, 27),
(320, '2022-11-03', 13, '2022-11-03 16:02:59', '2022-11-03 17:10:49', '01:07:52', 'null', 0, 120, 35),
(321, '2022-11-03', 18, '2022-11-03 16:59:15', '2022-11-03 17:16:23', '00:17:10', 'null', 0, 116, 38),
(322, '2022-11-03', 9, '2022-11-03 16:52:24', '2022-11-03 17:28:10', '00:35:47', 'null', 0, 299, 38),
(323, '2022-11-03', 5, '2022-11-03 13:52:34', '2022-11-03 17:28:24', '03:30:29', 'null', 0, 800, 11),
(324, '2022-11-03', 30, '2022-11-03 16:48:52', '2022-11-03 17:29:18', '00:00:09', 'null', 0, 120, 38),
(325, '2022-11-03', 20, '2022-11-03 17:04:17', '2022-11-03 17:30:35', '00:20:24', 'null', 0, 300, 27),
(326, '2022-11-03', 19, '2022-11-03 16:57:47', '2022-11-03 17:30:41', '00:28:24', 'null', 0, 195, 38),
(334, '2022-11-04', 28, '2022-11-04 09:13:05', '2022-11-04 11:27:03', '02:13:56', 'null', 0, 143, 25),
(328, '2022-11-03', 22, '2022-11-03 18:11:04', '2022-11-03 18:42:31', '00:31:28', 'null', 0, 221, 38),
(335, '2022-11-04', 18, '2022-11-04 09:05:21', '2022-11-04 11:38:45', '02:12:04', 'null', 0, 91, 6),
(331, '2022-11-04', 13, '2022-11-04 09:05:13', '2022-11-04 10:39:51', '00:21:33', 'null', 0, 207, 35),
(332, '2022-11-04', 5, '2022-11-04 09:10:28', '2022-11-04 10:54:13', '01:37:55', 'null', 0, 493, 37),
(336, '2022-11-04', 19, '2022-11-04 09:04:19', '2022-11-04 11:57:28', '01:52:51', 'null', 0, 197, 16),
(340, '2022-11-04', 5, '2022-11-04 11:17:32', '2022-11-04 13:14:12', '00:13:36', 'null', 0, 1027, 37),
(341, '2022-11-04', 19, '2022-11-04 11:58:10', '2022-11-04 13:34:20', '00:22:02', 'null', 0, 197, 38),
(342, '2022-11-04', 15, '2022-11-04 09:07:07', '2022-11-04 14:09:00', '03:42:31', 'null', 0, 283, 31),
(343, '2022-11-04', 20, '2022-11-04 09:05:35', '2022-11-04 14:15:46', '04:00:31', 'null', 0, 301, 32),
(344, '2022-11-04', 22, '2022-11-04 12:51:58', '2022-11-04 14:29:34', '01:31:13', 'null', 0, 214, 11),
(345, '2022-11-04', 15, '2022-11-04 14:24:42', '2022-11-04 14:57:24', '00:32:43', 'null', 0, 288, 38),
(346, '2022-11-04', 26, '2022-11-04 11:45:37', '2022-11-04 15:13:59', '01:53:55', 'null', 0, 232, 30),
(347, '2022-11-04', 20, '2022-11-04 14:20:14', '2022-11-04 15:21:12', '00:54:17', 'null', 0, 301, 32),
(348, '2022-11-04', 22, '2022-11-04 14:32:01', '2022-11-04 15:23:27', '00:51:28', 'null', 0, 214, 37),
(349, '2022-11-04', 9, '2022-11-04 08:52:23', '2022-11-04 15:44:26', '05:47:19', 'null', 0, 277, 9),
(350, '2022-11-04', 9, '2022-11-04 15:45:00', '2022-11-04 16:14:17', '00:29:18', 'null', 0, 277, 38),
(351, '2022-11-04', 15, '2022-11-04 15:22:12', '2022-11-04 16:18:05', '00:51:07', 'null', 0, 79, 10),
(352, '2022-11-04', 20, '2022-11-04 15:42:48', '2022-11-04 16:30:40', '00:47:54', 'null', 0, 43, 10),
(353, '2022-11-04', 26, '2022-11-04 16:52:09', '2022-11-04 16:54:13', '00:02:06', 'null', 0, 104, 10),
(354, '2022-11-07', 7, '2022-11-07 10:02:40', '2022-11-07 10:03:27', '00:00:38', 'null', 0, 500, 41),
(355, '2022-11-07', 7, '2022-11-07 15:11:11', '2022-11-07 17:09:17', '01:58:07', 'null', 0, 547, 34),
(356, '2022-11-07', 13, '2022-11-07 08:57:40', '2022-11-07 17:28:26', '07:20:43', 'null', 0, 0, 40),
(357, '2022-11-07', 23, '2022-11-07 10:07:50', '2022-11-07 17:28:58', '06:07:13', 'null', 0, 6, 39),
(358, '2022-11-07', 12, '2022-11-07 16:52:04', '2022-11-07 21:19:35', '03:20:58', 'null', 0, 180, 6),
(359, '2022-11-07', 14, '2022-11-07 11:19:12', '2022-11-07 21:21:55', '08:53:28', 'null', 0, 255, 8),
(360, '2022-11-07', 16, '2022-11-07 19:11:53', '2022-11-07 21:29:14', '02:17:23', 'null', 0, 126, 22),
(361, '2022-11-07', 11, '2022-11-07 19:03:34', '2022-11-07 21:29:43', '02:26:10', 'null', 0, 2, 39),
(362, '2022-11-08', 13, '2022-11-08 09:06:26', '2022-11-08 12:01:03', '02:47:42', 'null', 0, 0, 39),
(363, '2022-11-08', 7, '2022-11-08 09:22:44', '2022-11-08 13:54:13', '03:29:09', 'null', 0, 0, 42),
(364, '2022-11-08', 14, '2022-11-08 11:07:22', '2022-11-08 13:54:49', '02:37:14', 'null', 0, 0, 8),
(365, '2022-11-08', 8, '2022-11-08 14:11:35', '2022-11-08 14:11:53', '00:00:17', 'null', 0, 41, 41),
(366, '2022-11-08', 7, '2022-11-08 14:01:26', '2022-11-08 14:47:13', '00:45:49', 'null', 0, 500, 42),
(367, '2022-11-08', 7, '2022-11-08 14:57:39', '2022-11-08 16:22:29', '01:24:52', 'null', 0, 500, 42),
(368, '2022-11-08', 9, '2022-11-08 15:09:33', '2022-11-08 17:05:39', '01:53:04', 'null', 0, 288, 52),
(369, '2022-11-08', 8, '2022-11-08 14:12:22', '2022-11-08 17:06:36', '02:48:27', 'null', 0, 300, 49),
(370, '2022-11-08', 13, '2022-11-08 14:06:35', '2022-11-08 17:10:43', '02:54:57', 'null', 0, 350, 26),
(371, '2022-11-08', 19, '2022-11-08 14:25:04', '2022-11-08 17:20:00', '02:00:29', 'null', 0, 146, 46),
(372, '2022-11-08', 20, '2022-11-08 15:40:50', '2022-11-08 17:28:52', '01:48:04', 'null', 0, 154, 13),
(373, '2022-11-08', 19, '2022-11-08 17:20:28', '2022-11-08 17:30:08', '00:09:42', 'null', 0, 80, 38),
(374, '2022-11-08', 7, '2022-11-08 16:26:38', '2022-11-08 17:30:22', '01:03:45', 'null', 0, 296, 37),
(375, '2022-11-08', 9, '2022-11-08 17:30:51', '2022-11-08 17:30:54', '00:00:05', 'null', 0, 200, 38),
(376, '2022-11-08', 26, '2022-11-08 14:03:18', '2022-11-08 17:35:21', '03:24:37', 'null', 0, 300, 6),
(377, '2022-11-08', 22, '2022-11-08 14:08:49', '2022-11-08 19:00:39', '04:04:49', 'null', 0, 422, 47),
(378, '2022-11-08', 16, '2022-11-08 14:21:13', '2022-11-08 21:24:38', '05:55:16', 'null', 0, 222, 22),
(379, '2022-11-08', 14, '2022-11-08 14:02:21', '2022-11-08 21:27:35', '03:56:24', 'null', 0, 350, 8),
(380, '2022-11-09', 9, '2022-11-09 08:45:40', '2022-11-09 08:55:46', '00:10:08', 'null', 0, 88, 38),
(381, '2022-11-09', 19, '2022-11-09 08:58:38', '2022-11-09 09:06:43', '00:08:07', 'null', 0, 66, 38),
(382, '2022-11-09', 13, '2022-11-09 08:57:47', '2022-11-09 09:29:02', '00:31:17', 'null', 0, 350, 38),
(383, '2022-11-09', 9, '2022-11-09 09:11:42', '2022-11-09 09:29:59', '00:18:18', 'null', 0, 18, 52),
(384, '2022-11-09', 20, '2022-11-09 09:02:36', '2022-11-09 09:33:13', '00:30:38', 'null', 0, 154, 13),
(385, '2022-11-09', 7, '2022-11-09 09:02:49', '2022-11-09 09:33:33', '00:30:46', 'null', 0, 4, 37),
(386, '2022-11-09', 9, '2022-11-09 09:30:35', '2022-11-09 09:44:44', '00:14:10', 'null', 0, 0, 38),
(387, '2022-11-09', 8, '2022-11-09 08:58:17', '2022-11-09 11:46:46', '02:38:47', 'null', 0, 124, 49),
(388, '2022-11-09', 9, '2022-11-09 09:45:12', '2022-11-09 11:53:26', '01:59:11', 'null', 0, 207, 25),
(389, '2022-11-09', 22, '2022-11-09 09:04:32', '2022-11-09 11:56:24', '02:31:01', 'null', 0, 102, 47),
(390, '2022-11-09', 19, '2022-11-09 09:56:37', '2022-11-09 12:01:03', '01:58:35', 'null', 0, 211, 46),
(391, '2022-11-09', 14, '2022-11-09 11:04:37', '2022-11-09 12:52:44', '01:38', 'null', 0, 605, 38),
(392, '2022-11-09', 13, '2022-11-09 09:29:46', '2022-11-09 14:07:29', '03:26:44', 'null', 0, 308, 26),
(393, '2022-11-09', 9, '2022-11-09 13:02:05', '2022-11-09 14:31:03', '01:25:31', 'null', 0, 129, 25),
(394, '2022-11-09', 7, '2022-11-09 15:01:27', '2022-11-09 15:02:54', '00:01:29', 'null', 0, 300, 35),
(395, '2022-11-09', 13, '2022-11-09 14:08:23', '2022-11-09 15:08:01', '00:59:39', 'null', 0, 308, 38),
(396, '2022-11-09', 9, '2022-11-09 14:35:40', '2022-11-09 15:19:32', '00:43:54', 'null', 0, 336, 38),
(397, '2022-11-09', 20, '2022-11-09 10:36:21', '2022-11-09 16:09:09', '04:17:55', 'null', 0, 229, 13),
(398, '2022-11-09', 7, '2022-11-09 15:05:52', '2022-11-09 16:17:08', '01:00', 'null', 0, 300, 38),
(399, '2022-11-09', 7, '2022-11-09 16:17:27', '2022-11-09 16:43:35', '00:26:10', 'null', 0, 29, 35),
(400, '2022-11-09', 16, '2022-11-09 15:37:53', '2022-11-09 16:49:57', '01:12:05', 'null', 0, 255, 22),
(401, '2022-11-09', 7, '2022-11-09 16:44:08', '2022-11-09 16:50:31', '00:06:24', 'null', 0, 29, 38),
(402, '2022-11-09', 12, '2022-11-09 13:16:23', '2022-11-09 17:10:07', '03:46', 'null', 0, 403, 48),
(403, '2022-11-09', 19, '2022-11-09 14:08:26', '2022-11-09 17:14:15', '02:56:56', 'null', 0, 428, 46),
(404, '2022-11-09', 20, '2022-11-09 16:33:39', '2022-11-09 17:19:27', '00:45:50', 'null', 0, 44, 53),
(405, '2022-11-09', 26, '2022-11-09 14:32:27', '2022-11-09 17:29:27', '02:51:45', 'null', 0, 326, 6),
(406, '2022-11-09', 13, '2022-11-09 15:09:56', '2022-11-09 17:30:14', '01:54:13', 'null', 0, 0, 40),
(407, '2022-11-09', 19, '2022-11-09 17:14:58', '2022-11-09 17:30:25', '00:15:28', 'null', 0, 63, 38),
(408, '2022-11-09', 22, '2022-11-09 12:02:23', '2022-11-09 18:51:47', '06:02', 'null', 0, 400, 15),
(409, '2022-11-09', 12, '2022-11-09 17:13:49', '2022-11-09 19:39:44', '01:16:20', 'null', 0, 403, 48),
(410, '2022-11-09', 12, '2022-11-09 19:50:31', '2022-11-09 20:01:00', '00:10:31', 'null', 0, 403, 48),
(411, '2022-11-09', 12, '2022-11-09 20:19:15', '2022-11-09 21:23:13', '01:04', 'null', 0, 80, 45),
(412, '2022-11-09', 14, '2022-11-09 13:00:06', '2022-11-09 21:28:17', '07:01:30', 'null', 0, 300, 8),
(413, '2022-11-09', 16, '2022-11-09 16:53:38', '2022-11-09 21:31:56', '03:22:12', 'null', 0, 801, 38),
(414, '2022-11-10', 17, '2022-11-10 08:19:25', '2022-11-10 08:37:53', '00:18:30', 'null', 0, 100, 14),
(415, '2022-11-10', 19, '2022-11-10 09:00:22', '2022-11-10 09:00:25', '00:00:04', 'null', 0, 0, 46),
(416, '2022-11-10', 17, '2022-11-10 08:50:53', '2022-11-10 09:04:11', '00:12:54', 'null', 0, 12, 14),
(417, '2022-11-10', 13, '2022-11-10 09:01:40', '2022-11-10 09:26:10', '00:24:32', 'null', 0, 50, 40),
(418, '2022-11-10', 30, '2022-11-10 09:01:38', '2022-11-10 09:28:52', '00:27:16', 'null', 0, 0, 36),
(419, '2022-11-10', 18, '2022-11-10 09:02:47', '2022-11-10 11:26:53', '02:08:26', 'null', 0, 400, 36),
(420, '2022-11-10', 6, '2022-11-10 09:25:13', '2022-11-10 11:58:56', '02:26:11', 'null', 0, 160, 42),
(421, '2022-11-10', 29, '2022-11-10 13:22:46', '2022-11-10 13:26:34', '00:03:15', 'null', 0, 600, 58),
(422, '2022-11-10', 30, '2022-11-10 09:41:16', '2022-11-10 13:29:31', '03:26:29', 'null', 0, 1, 40),
(423, '2022-11-10', 34, '2022-11-10 13:30:25', '2022-11-10 13:30:27', '00:00:04', 'null', 0, 0, 60),
(424, '2022-11-10', 29, '2022-11-10 13:30:49', '2022-11-10 13:31:04', '00:00:16', 'null', 0, 0, 56),
(425, '2022-11-10', 34, '2022-11-10 13:32:52', '2022-11-10 13:32:55', '00:00:04', 'null', 0, 0, 57),
(426, '2022-11-10', 35, '2022-11-10 13:38:11', '2022-11-10 13:38:32', '00:00:22', 'null', 0, 0, 9),
(427, '2022-11-10', 33, '2022-11-10 13:39:18', '2022-11-10 13:58:50', '00:14:40', 'null', 0, 25, 60),
(428, '2022-11-10', 35, '2022-11-10 13:39:13', '2022-11-10 14:24:05', '00:39:11', 'null', 0, 60, 60),
(429, '2022-11-10', 18, '2022-11-10 11:39:28', '2022-11-10 14:55:46', '02:02:57', 'null', 0, 800, 38),
(430, '2022-11-10', 14, '2022-11-10 11:03:06', '2022-11-10 15:03:34', '03:51:42', 'null', 0, 169, 8),
(431, '2022-11-10', 15, '2022-11-10 09:57:02', '2022-11-10 15:38:29', '04:34:16', 'null', 0, 303, 30),
(432, '2022-11-10', 15, '2022-11-10 09:57:02', '2022-11-10 15:38:29', '04:34:16', 'null', 0, 303, 30),
(433, '2022-11-10', 34, '2022-11-10 13:38:35', '2022-11-10 16:30:48', '02:52:14', 'null', 0, 45, 58),
(434, '2022-11-10', 14, '2022-11-10 15:06:06', '2022-11-10 16:36:48', '01:06:14', 'null', 0, 469, 38),
(435, '2022-11-10', 15, '2022-11-10 15:56:12', '2022-11-10 16:46:22', '00:42:03', 'null', 0, 303, 38),
(436, '2022-11-10', 18, '2022-11-10 15:23:30', '2022-11-10 17:07:55', '01:33:30', 'null', 0, 171, 32),
(437, '2022-11-10', 36, '2022-11-10 09:12:19', '2022-11-10 17:17:20', '07:05:28', 'null', 0, 730, 56),
(438, '2022-11-10', 30, '2022-11-10 16:14:33', '2022-11-10 17:22:47', '01:08:15', 'null', 0, 68, 50),
(439, '2022-11-10', 6, '2022-11-10 13:14:11', '2022-11-10 17:30:30', '04:05:51', 'null', 0, 156, 7),
(440, '2022-11-10', 31, '2022-11-10 14:02:32', '2022-11-10 18:01:16', '03:45:44', 'null', 0, 100, 58),
(441, '2022-11-10', 35, '2022-11-10 14:29:28', '2022-11-10 18:06:52', '03:21:56', 'null', 0, 100, 58),
(442, '2022-11-10', 34, '2022-11-10 16:31:14', '2022-11-10 18:08:31', '00:01:59', 'null', 0, 0, 58),
(443, '2022-11-10', 33, '2022-11-10 13:59:51', '2022-11-10 18:09:43', '04:07', 'null', 0, 140, 58),
(444, '2022-11-10', 33, '2022-11-10 18:17:09', '2022-11-10 18:17:11', '00:00:03', 'null', 0, 0, 9),
(445, '2022-11-10', 34, '2022-11-10 18:14:25', '2022-11-10 19:10:01', '00:55:38', 'null', 0, 1600, 65),
(446, '2022-11-10', 34, '2022-11-10 19:10:32', '2022-11-10 19:24:34', '00:14:03', 'null', 0, 20, 58),
(447, '2022-11-10', 35, '2022-11-10 18:07:37', '2022-11-10 19:51:39', '00:14:08', 'null', 0, 0, 60),
(448, '2022-11-10', 14, '2022-11-10 16:37:12', '2022-11-10 19:58:08', '02:09:09', 'null', 0, 205, 11),
(449, '2022-11-10', 35, '2022-11-10 19:52:49', '2022-11-10 20:31:36', '00:32:31', 'null', 0, 28, 58),
(450, '2022-11-10', 35, '2022-11-10 20:32:00', '2022-11-10 20:51:34', '00:19:35', 'null', 0, 12, 60),
(451, '2022-11-10', 31, '2022-11-10 18:14:31', '2022-11-10 21:39:13', '02:25', 'null', 0, 0, 65),
(452, '2022-11-10', 35, '2022-11-10 20:51:58', '2022-11-10 21:40:36', '00:00:07', 'null', 0, 0, 58),
(453, '2022-11-10', 34, '2022-11-10 19:24:58', '2022-11-10 21:41:09', '01:55:32', 'null', 0, 26, 58),
(454, '2022-11-10', 33, '2022-11-10 18:17:49', '2022-11-10 21:43:25', '00:20:27', 'null', 0, 0, 58),
(455, '2022-11-11', 16, '2022-11-11 09:01:25', '2022-11-11 09:01:25', '00:00:02', 'null', 0, 0, 10),
(456, '2022-11-11', 19, '2022-11-11 09:01:21', '2022-11-11 09:06:16', '00:04:57', 'null', 0, 37, 61),
(457, '2022-11-11', 18, '2022-11-11 08:59:23', '2022-11-11 09:25:11', '00:18:41', 'null', 0, 171, 61),
(458, '2022-11-11', 16, '2022-11-11 09:01:41', '2022-11-11 09:51:40', '00:50', 'null', 0, 74, 10),
(459, '2022-11-11', 18, '2022-11-11 09:42:50', '2022-11-11 11:02:24', '01:19:35', 'null', 0, 120, 32),
(460, '2022-11-11', 24, '2022-11-11 09:08:17', '2022-11-11 11:13:49', '01:41:08', 'null', 0, 195, 62),
(461, '2022-11-11', 19, '2022-11-11 09:07:18', '2022-11-11 11:25:11', '02:17:55', 'null', 0, 176, 7),
(462, '2022-11-11', 19, '2022-11-11 09:07:18', '2022-11-11 11:25:11', '02:17:55', 'null', 0, 176, 7),
(463, '2022-11-11', 19, '2022-11-11 09:07:18', '2022-11-11 11:25:11', '02:17:55', 'null', 0, 176, 7),
(464, '2022-11-11', 18, '2022-11-11 11:03:17', '2022-11-11 11:27:02', '00:23:47', 'null', 0, 120, 61),
(465, '2022-11-11', 19, '2022-11-11 11:26:48', '2022-11-11 11:51:00', '00:24:13', 'null', 0, 176, 61),
(466, '2022-11-11', 26, '2022-11-11 11:00:23', '2022-11-11 13:31:59', '01:18:03', 'null', 0, 92, 54),
(467, '2022-11-11', 16, '2022-11-11 09:56:06', '2022-11-11 13:38:15', '02:06:44', 'null', 0, 627, 61),
(468, '2022-11-11', 36, '2022-11-11 09:02:30', '2022-11-11 14:36:01', '04:28:07', 'null', 0, 70, 56),
(469, '2022-11-11', 18, '2022-11-11 13:03:55', '2022-11-11 15:04:15', '01:52:19', 'null', 0, 46, 6),
(470, '2022-11-11', 18, '2022-11-11 15:04:40', '2022-11-11 15:13:49', '00:08:04', 'null', 0, 46, 61),
(471, '2022-11-11', 36, '2022-11-11 14:37:08', '2022-11-11 15:24:53', '00:47:47', 'null', 0, 47, 56),
(472, '2022-11-11', 36, '2022-11-11 15:25:19', '2022-11-11 15:44:16', '00:17:43', 'null', 0, 47, 56),
(473, '2022-11-11', 24, '2022-11-11 11:14:08', '2022-11-11 15:46:39', '03:27', 'null', 0, 262, 27),
(474, '2022-11-14', 35, '2022-11-14 09:02:28', '2022-11-14 12:34:41', '00:00:06', 'null', 0, 0, 58),
(475, '2022-11-14', 35, '2022-11-14 12:35:13', '2022-11-14 14:09:05', '00:30:56', 'null', 0, 0, 58),
(476, '2022-11-14', 31, '2022-11-14 09:02:36', '2022-11-14 14:33:36', '04:16:11', 'null', 0, 0, 66),
(477, '2022-11-14', 35, '2022-11-14 14:09:38', '2022-11-14 14:38:58', '00:19:59', 'null', 0, 15, 60),
(478, '2022-11-14', 35, '2022-11-14 14:09:38', '2022-11-14 14:38:58', '00:19:59', 'null', 0, 15, 60),
(479, '2022-11-14', 18, '2022-11-14 09:44:25', '2022-11-14 17:23:35', '06:13:08', 'null', 0, 245, 8),
(480, '2022-11-14', 31, '2022-11-14 14:43:09', '2022-11-14 17:30:18', '02:37:17', 'null', 0, 81, 68),
(481, '2022-11-14', 35, '2022-11-14 14:39:36', '2022-11-14 17:30:37', '02:42:10', 'null', 0, 80, 68),
(482, '2022-11-14', 14, '2022-11-14 11:17:25', '2022-11-14 21:32:28', '08:41:16', 'null', 0, 282, 22),
(483, '2022-11-14', 32, '2022-11-14 14:42:27', '2022-11-14 21:57:13', '06:31', 'null', 0, 142, 68),
(484, '2022-11-15', 33, '2022-11-15 09:00:29', '2022-11-15 09:11:14', '00:00:10', 'null', 0, 0, 67),
(485, '2022-11-15', 18, '2022-11-15 09:02:41', '2022-11-15 10:00:14', '00:57:34', 'null', 0, 282, 61),
(486, '2022-11-15', 19, '2022-11-15 09:32:53', '2022-11-15 11:01:22', '01:23:21', 'null', 0, 2, 64),
(487, '2022-11-15', 34, '2022-11-15 13:04:28', '2022-11-15 13:38:48', '00:34:21', 'null', 0, 0, 67),
(488, '2022-11-15', 33, '2022-11-15 10:50:23', '2022-11-15 16:53:06', '05:25:19', 'null', 0, 82, 68),
(489, '2022-11-15', 18, '2022-11-15 10:31:46', '2022-11-15 17:19:17', '05:37:36', 'null', 0, 312, 22),
(490, '2022-11-15', 23, '2022-11-15 09:00:49', '2022-11-15 17:21:53', '07:47:59', 'null', 0, 429, 18),
(491, '2022-11-15', 35, '2022-11-15 09:00:50', '2022-11-15 17:22:10', '07:30:51', 'null', 0, 200, 68),
(492, '2022-11-15', 33, '2022-11-15 16:53:51', '2022-11-15 17:24:30', '00:30:41', 'null', 0, 12, 68),
(493, '2022-11-15', 13, '2022-11-15 08:41:28', '2022-11-15 17:24:51', '07:30:45', 'null', 0, 419, 22),
(494, '2022-11-15', 31, '2022-11-15 09:00:37', '2022-11-15 17:21:52', '07:12:48', 'null', 0, 180, 68),
(495, '2022-11-15', 34, '2022-11-15 13:39:19', '2022-11-15 17:28:31', '02:57:52', 'null', 0, 1, 66),
(496, '2022-11-15', 26, '2022-11-15 09:26:25', '2022-11-15 17:29:25', '07:56:54', 'null', 0, 390, 8),
(497, '2022-11-15', 34, '2022-11-15 17:28:55', '2022-11-15 19:24:41', '01:55:47', 'null', 0, 1, 67),
(498, '2022-11-15', 14, '2022-11-15 11:08:08', '2022-11-15 19:44:48', '07:14:31', 'null', 0, 1007, 67),
(499, '2022-11-15', 34, '2022-11-15 19:25:01', '2022-11-15 21:25:17', '01:29:31', 'null', 0, 30, 67),
(500, '2022-11-15', 34, '2022-11-15 21:27:54', '2022-11-15 21:33:57', '00:06:04', 'null', 0, 0, 62),
(501, '2022-11-15', 32, '2022-11-15 13:02:34', '2022-11-15 22:31:01', '07:26:09', 'null', 0, 149, 68),
(502, '2022-11-16', 23, '2022-11-15 17:22:20', '2022-11-16 08:47:55', '15:25:36', 'null', 0, 210, 61),
(503, '2022-11-16', 13, '2022-11-16 08:53:16', '2022-11-16 09:02:16', '00:06:04', 'null', 0, 419, 61),
(504, '2022-11-16', 23, '2022-11-16 08:48:21', '2022-11-16 09:05:08', '00:16:49', 'null', 0, 100, 61),
(505, '2022-11-16', 31, '2022-11-16 09:00:31', '2022-11-16 09:47:43', '00:34:48', 'null', 0, 20, 68),
(506, '2022-11-16', 18, '2022-11-16 09:04:45', '2022-11-16 10:00:56', '00:51:33', 'null', 0, 312, 61),
(507, '2022-11-16', 35, '2022-11-16 09:01:08', '2022-11-16 10:36:45', '00:43:49', 'null', 0, 20, 68),
(508, '2022-11-16', 8, '2022-11-16 09:12:11', '2022-11-16 11:24:58', '02:04:37', 'null', 0, 22, 14),
(509, '2022-11-16', 18, '2022-11-16 10:30:13', '2022-11-16 13:48:34', '02:08:44', 'null', 0, 156, 22),
(510, '2022-11-16', 34, '2022-11-16 13:07:27', '2022-11-16 14:15:13', '01:07:47', 'null', 0, 12, 67),
(511, '2022-11-16', 18, '2022-11-16 13:50:54', '2022-11-16 14:16:08', '00:25:16', 'null', 0, 156, 61),
(512, '2022-11-16', 14, '2022-11-16 11:15:19', '2022-11-16 14:35:52', '01:47:55', 'null', 0, 520, 61),
(513, '2022-11-16', 32, '2022-11-16 13:00:42', '2022-11-16 14:36:26', '00:00:39', 'null', 0, 1, 67),
(514, '2022-11-16', 34, '2022-11-16 14:15:33', '2022-11-16 14:39:03', '00:14:19', 'null', 0, 10, 69),
(515, '2022-11-16', 26, '2022-11-16 09:06:59', '2022-11-16 16:11:03', '06:18:47', 'null', 0, 237, 8),
(516, '2022-11-16', 24, '2022-11-16 09:05:59', '2022-11-16 16:23:11', '05:55:45', 'null', 0, 315, 47),
(517, '2022-11-16', 18, '2022-11-16 15:12:26', '2022-11-16 17:08:48', '01:48:07', 'null', 0, 205, 29),
(518, '2022-11-16', 18, '2022-11-16 17:11:26', '2022-11-16 17:11:27', '00:00:03', 'null', 0, 0, 29),
(519, '2022-11-16', 31, '2022-11-16 09:56:51', '2022-11-16 17:26:32', '06:49:58', 'null', 0, 80, 67),
(520, '2022-11-16', 35, '2022-11-16 10:37:06', '2022-11-16 17:30:36', '04:56:20', 'null', 0, 75, 67),
(521, '2022-11-16', 18, '2022-11-16 17:11:56', '2022-11-16 17:34:10', '00:22:15', 'null', 0, 205, 61),
(522, '2022-11-16', 8, '2022-11-16 11:25:32', '2022-11-16 17:34:18', '04:57:09', 'null', 0, 325, 14),
(523, '2022-11-16', 8, '2022-11-16 17:35:29', '2022-11-16 17:35:30', '00:00:03', 'null', 0, 0, 9),
(524, '2022-11-16', 33, '2022-11-16 09:02:35', '2022-11-16 17:41:33', '07:44:46', 'null', 0, 30, 67),
(525, '2022-11-16', 14, '2022-11-16 15:30:20', '2022-11-16 20:57:37', '04:18:37', 'null', 0, 464, 11),
(526, '2022-11-16', 34, '2022-11-16 14:39:48', '2022-11-16 21:09:36', '04:47:49', 'null', 0, 224, 69),
(527, '2022-11-16', 34, '2022-11-16 21:10:44', '2022-11-16 21:35:15', '00:24:33', 'null', 0, 20, 67),
(528, '2022-11-16', 32, '2022-11-16 14:38:06', '2022-11-16 21:55:55', '04:53:45', 'null', 0, 401, 69),
(529, '2022-11-17', 14, '2022-11-17 09:09:43', '2022-11-17 10:27:51', '01:18:10', 'null', 0, 464, 61),
(530, '2022-11-17', 18, '2022-11-17 09:19:03', '2022-11-17 11:07:52', '01:38:41', 'null', 0, 196, 29),
(531, '2022-11-17', 8, '2022-11-17 09:23:43', '2022-11-17 11:43:55', '02:20:14', 'null', 0, 100, 14),
(532, '2022-11-17', 18, '2022-11-17 11:22:01', '2022-11-17 11:59:29', '00:37:30', 'null', 0, 196, 61),
(533, '2022-11-17', 8, '2022-11-17 13:27:32', '2022-11-17 13:52:47', '00:25:16', 'null', 0, 100, 61),
(534, '2022-11-17', 26, '2022-11-17 09:16:54', '2022-11-17 14:21:46', '04:08:46', 'null', 0, 158, 45),
(535, '2022-11-17', 15, '2022-11-17 09:03:52', '2022-11-17 15:18:57', '05:06:14', 'null', 0, 755, 63),
(536, '2022-11-17', 30, '2022-11-17 08:54:38', '2022-11-17 16:58:20', '07:36:45', 'null', 0, 346, 35),
(537, '2022-11-17', 8, '2022-11-17 15:17:09', '2022-11-17 17:01:19', '01:31:06', 'null', 0, 162, 32),
(538, '2022-11-17', 15, '2022-11-17 15:24:51', '2022-11-17 17:12:39', '01:34:39', 'null', 0, 755, 61),
(539, '2022-11-17', 30, '2022-11-17 16:58:58', '2022-11-17 17:18:42', '00:19:46', 'null', 0, 27, 61),
(540, '2022-11-17', 35, '2022-11-17 11:11:47', '2022-11-17 17:25:23', '05:32:13', 'null', 0, 160, 67),
(541, '2022-11-17', 33, '2022-11-17 09:04:26', '2022-11-17 17:28:11', '07:23:32', 'null', 0, 170, 67),
(542, '2022-11-17', 18, '2022-11-17 13:25:44', '2022-11-17 17:31:50', '03:54:18', 'null', 0, 434, 79),
(543, '2022-11-17', 14, '2022-11-17 10:41:44', '2022-11-17 17:34:13', '05:14:46', 'null', 0, 386, 83),
(544, '2022-11-17', 26, '2022-11-17 14:31:26', '2022-11-17 17:34:57', '02:59:59', 'null', 0, 160, 26),
(545, '2022-11-17', 31, '2022-11-17 09:00:54', '2022-11-17 17:24:34', '07:31:24', 'null', 0, 150, 67),
(546, '2022-11-17', 18, '2022-11-17 17:32:27', '2022-11-17 18:46:59', '01:03:20', 'null', 0, 434, 61),
(547, '2022-11-17', 34, '2022-11-17 13:13:17', '2022-11-17 21:12:14', '06:57:54', 'null', 0, 120, 67),
(548, '2022-11-17', 34, '2022-11-17 21:13:02', '2022-11-17 21:28:56', '00:15:56', 'null', 0, 0, 69),
(549, '2022-11-18', 18, '2022-11-18 10:04:06', '2022-11-18 10:17:21', '00:13:16', 'null', 0, 386, 61),
(550, '2022-11-18', 8, '2022-11-18 09:10:35', '2022-11-18 10:26:29', '01:05:35', 'null', 0, 127, 32),
(551, '2022-11-18', 26, '2022-11-18 10:16:14', '2022-11-18 11:52:41', '01:36:29', 'null', 0, 140, 26),
(552, '2022-11-18', 19, '2022-11-18 11:12:03', '2022-11-18 11:55:09', '00:43:08', 'null', 0, 122, 84),
(553, '2022-11-18', 8, '2022-11-18 11:18:03', '2022-11-18 13:08:35', '00:52:05', 'null', 0, 289, 61),
(554, '2022-11-18', 12, '2022-11-18 09:24:34', '2022-11-18 13:36:51', '02:48:53', 'null', 0, 164, 26),
(555, '2022-11-18', 18, '2022-11-18 10:47:45', '2022-11-18 13:59:46', '01:49:37', 'null', 0, 111, 14),
(556, '2022-11-18', 19, '2022-11-18 13:05:43', '2022-11-18 14:20:51', '01:11:18', 'null', 0, 0, 61),
(557, '2022-11-18', 28, '2022-11-18 09:16:51', '2022-11-18 14:30:17', '04:12:29', 'null', 0, 288, 30),
(558, '2022-11-18', 28, '2022-11-18 14:31:04', '2022-11-18 14:42:48', '00:11:45', 'null', 0, 66, 61),
(559, '2022-11-18', 34, '2022-11-18 13:08:17', '2022-11-18 17:09:20', '03:54:10', 'null', 0, 65, 67),
(560, '2022-11-18', 34, '2022-11-18 17:09:41', '2022-11-18 17:31:40', '00:22:01', 'null', 0, 1000, 65),
(561, '2022-11-18', 32, '2022-11-18 14:22:44', '2022-11-18 17:39:14', '01:03:17', 'null', 0, 65, 67),
(562, '2022-11-21', 37, '2022-11-21 09:05:13', '2022-11-21 09:06:05', '00:00:40', 'null', 0, 10, 41),
(563, '2022-11-21', 31, '2022-11-21 09:02:00', '2022-11-21 12:52:07', '02:58:34', 'null', 0, 45, 67),
(564, '2022-11-22', 38, '2022-11-22 00:33:27', '2022-11-22 00:35:08', '00:00:30', 'null', 0, 111, 35),
(565, '2022-11-22', 38, '2022-11-22 01:22:40', '2022-11-22 01:24:24', '00:00:41', 'null', 0, 99, 16),
(566, '2022-11-22', 5, '2022-11-22 01:29:22', '2022-11-22 01:34:36', '00:02:05', 'null', 0, 990, 21),
(567, '2022-11-22', 4, '2022-11-22 01:36:11', '2022-11-22 01:38:36', '00:01:03', 'null', 0, 9998, 47),
(568, '2022-11-22', 37, '2022-11-22 01:44:03', '2022-11-22 01:46:07', '00:00:37', 'null', 0, 123, 70),
(569, '2022-11-22', 8, '2022-11-22 01:48:37', '2022-11-22 01:50:09', '00:00:48', 'null', 0, 16, 71),
(570, '2022-11-22', 9, '2022-11-22 01:51:45', '2022-11-22 01:54:57', '00:01:01', 'null', 0, 37, 35),
(571, '2022-11-21', 34, '2022-11-21 13:06:38', '2022-11-21 15:37:47', '02:31:10', 'null', 0, 33, 68),
(572, '2022-11-21', 38, '2022-11-21 09:11:59', '2022-11-21 17:14:59', '06:57:22', 'null', 0, 502, 85),
(573, '2022-11-21', 35, '2022-11-21 09:00:12', '2022-11-21 17:20:33', '07:05:19', 'null', 0, 135, 67),
(574, '2022-11-21', 31, '2022-11-21 16:31:14', '2022-11-21 17:21:59', '00:37:50', 'null', 0, 101, 68),
(575, '2022-11-21', 12, '2022-11-21 17:17:02', '2022-11-21 21:00:34', '02:27:43', 'null', 0, 300, 85),
(576, '2022-11-21', 34, '2022-11-21 15:38:11', '2022-11-21 21:11:41', '04:52:59', 'null', 0, 70, 68),
(577, '2022-11-21', 14, '2022-11-21 19:06:49', '2022-11-21 21:26:03', '02:19:16', 'null', 0, 0, 64),
(578, '2022-11-21', 34, '2022-11-21 21:13:10', '2022-11-21 21:39:55', '00:26:46', 'null', 0, 0, 65),
(579, '2022-11-21', 32, '2022-11-21 13:01:17', '2022-11-21 21:59:19', '07:48:22', 'null', 0, 156, 68),
(580, '2022-11-22', 31, '2022-11-22 09:18:19', '2022-11-22 09:18:20', '00:00:03', 'null', 0, 0, 72),
(581, '2022-11-22', 31, '2022-11-22 09:18:46', '2022-11-22 09:26:48', '00:08:04', 'null', 0, 0, 68),
(582, '2022-11-22', 26, '2022-11-22 09:15:40', '2022-11-22 15:13:28', '04:37:41', 'null', 0, 500, 81),
(583, '2022-11-22', 32, '2022-11-22 13:51:18', '2022-11-22 15:57:08', '01:35:53', 'null', 0, 49, 68),
(584, '2022-11-22', 13, '2022-11-22 09:31:50', '2022-11-22 16:35:39', '07:03:50', 'null', 0, 1200, 92),
(585, '2022-11-22', 17, '2022-11-22 12:30:04', '2022-11-22 18:26:31', '04:59:23', 'null', 0, 598, 11),
(586, '2022-11-22', 26, '2022-11-22 15:30:05', '2022-11-22 17:26:46', '01:56:43', 'null', 0, 132, 76),
(587, '2022-11-22', 31, '2022-11-22 09:27:10', '2022-11-22 17:32:01', '07:01:04', 'null', 0, 120, 67),
(588, '2022-11-22', 37, '2022-11-22 09:23:32', '2022-11-22 18:30:14', '06:38:56', 'null', 0, 125, 67),
(589, '2022-11-22', 22, '2022-11-22 12:08:17', '2022-11-22 18:52:30', '05:47:26', 'null', 0, 254, 8),
(590, '2022-11-22', 13, '2022-11-22 17:52:22', '2022-11-22 19:06:12', '01:02:53', 'null', 0, 120, 71),
(591, '2022-11-22', 16, '2022-11-22 17:36:28', '2022-11-22 21:24:15', '02:47:05', 'null', 0, 2, 64),
(592, '2022-11-22', 14, '2022-11-22 17:55:41', '2022-11-22 21:26:40', '02:21:58', 'null', 0, 200, 66),
(593, '2022-11-22', 32, '2022-11-22 17:09:07', '2022-11-22 21:59:52', '03:35:29', 'null', 0, 161, 93),
(594, '2022-11-23', 13, '2022-11-23 08:48:44', '2022-11-23 08:54:31', '00:05:48', 'null', 0, 0, 71),
(595, '2022-11-23', 17, '2022-11-23 09:13:16', '2022-11-23 11:07:09', '01:50:07', 'null', 0, 598, 61),
(596, '2022-11-23', 8, '2022-11-23 08:49:50', '2022-11-23 11:06:36', '02:04:34', 'null', 0, 392, 68),
(597, '2022-11-23', 14, '2022-11-23 12:07:18', '2022-11-23 13:24:52', '01:17:35', 'null', 0, 492, 61),
(598, '2022-11-23', 13, '2022-11-23 10:11:22', '2022-11-23 13:39:01', '03:18:20', 'null', 0, 301, 71),
(599, '2022-11-23', 13, '2022-11-23 13:43:29', '2022-11-23 13:59:28', '00:16', 'null', 0, 0, 64),
(600, '2022-11-23', 17, '2022-11-23 11:08:45', '2022-11-23 15:48:16', '03:53:46', 'null', 0, 598, 62),
(601, '2022-11-23', 26, '2022-11-23 07:08:55', '2022-11-23 15:22:23', '07:00:20', 'null', 0, 552, 76),
(602, '2022-11-23', 12, '2022-11-23 12:26:04', '2022-11-23 17:22:06', '04:02:46', 'null', 0, 420, 87),
(603, '2022-11-23', 19, '2022-11-23 08:58:46', '2022-11-23 16:30:47', '06:07:44', 'null', 0, 4, 64),
(604, '2022-11-23', 18, '2022-11-23 11:27:31', '2022-11-23 17:39:24', '05:06:31', 'null', 0, 420, 87),
(605, '2022-11-23', 30, '2022-11-23 10:16:45', '2022-11-23 16:40:16', '05:55:16', 'null', 0, 300, 81),
(606, '2022-11-23', 22, '2022-11-23 09:11:10', '2022-11-23 16:55:19', '06:44:39', 'null', 0, 350, 8),
(607, '2022-11-23', 17, '2022-11-23 15:52:52', '2022-11-23 18:03:36', '01:39:45', 'null', 0, 598, 62),
(608, '2022-11-23', 39, '2022-11-23 09:22:01', '2022-11-23 17:05:18', '06:38:18', 'null', 0, 359, 94),
(609, '2022-11-23', 26, '2022-11-23 15:40:17', '2022-11-23 17:25:33', '01:45:17', 'null', 0, 0, 92),
(610, '2022-11-23', 14, '2022-11-23 13:40:06', '2022-11-23 21:00:09', '05:57:12', 'null', 0, 402, 76),
(611, '2022-11-23', 14, '2022-11-23 21:01:28', '2022-11-23 22:03:17', '00:59:35', 'null', 0, 402, 61),
(612, '2022-11-23', 32, '2022-11-23 13:56:34', '2022-11-23 22:56:37', '07:35:21', 'null', 0, 291, 93),
(613, '2022-11-24', 4, '2022-11-24 08:11:17', '2022-11-24 10:50:39', '02:21:52', 'null', 0, 128, 87),
(614, '2022-11-24', 26, '2022-11-24 12:36:38', '2022-11-24 12:59:59', '00:23:22', 'null', 0, 256, 90),
(615, '2022-11-24', 22, '2022-11-24 08:46:48', '2022-11-24 12:09:19', '03:22:33', 'null', 0, 162, 8),
(616, '2022-11-25', 36, '2022-11-24 08:28:40', '2022-11-25 07:48:02', '23:19:23', 'null', 0, 185, 76),
(617, '2022-11-25', 17, '2022-11-25 07:48:48', '2022-11-25 08:27:23', '00:38:37', 'null', 0, 185, 61),
(618, '2022-11-25', 8, '2022-11-25 08:45:10', '2022-11-25 08:45:11', '00:00:03', 'null', 0, 0, 9),
(619, '2022-11-25', 18, '2022-11-25 10:17:01', '2022-11-25 10:17:02', '00:00:03', 'null', 0, 0, 0),
(620, '2022-11-25', 33, '2022-11-23 09:01:24', '2022-11-23 17:39:08', '07:18:31', 'null', 0, 0, 67),
(621, '2022-11-25', 9, '2022-11-25 11:11:18', '2022-11-25 11:11:19', '00:00:02', 'null', 0, 0, 41),
(622, '2022-11-25', 16, '2022-11-25 09:04:31', '2022-11-25 10:45:19', '01:34:40', 'null', 0, 113, 13),
(623, '2022-11-25', 16, '2022-11-25 10:47:36', '2022-11-25 11:02:39', '00:15:04', 'null', 0, 113, 61),
(624, '2022-11-25', 13, '2022-11-25 09:09:14', '2022-11-25 11:33:35', '02:19:11', 'null', 0, 174, 71),
(625, '2022-11-25', 16, '2022-11-25 11:33:35', '2022-11-25 11:36:42', '00:00:35', 'null', 0, 0, 8),
(626, '2022-11-25', 17, '2022-11-25 09:14:30', '2022-11-25 11:47:06', '02:27:34', 'null', 0, 212, 76),
(627, '2022-11-25', 13, '2022-11-25 11:38:40', '2022-11-25 12:02:41', '00:24:02', 'null', 0, 174, 61),
(628, '2022-11-25', 16, '2022-11-25 11:37:19', '2022-11-25 12:06:18', '00:29:01', 'null', 0, 162, 61),
(629, '2022-11-25', 9, '2022-11-25 12:56:04', '2022-11-25 13:03:22', '00:07:19', 'null', 0, 0, 63),
(630, '2022-11-25', 17, '2022-11-25 11:50:30', '2022-11-25 13:09:34', '00:46:04', 'null', 0, 212, 61),
(631, '2022-11-25', 18, '2022-11-25 10:18:26', '2022-11-25 14:30:41', '02:36:40', 'null', 0, 203, 87),
(632, '2022-11-25', 16, '2022-11-25 13:25:15', '2022-11-25 13:55:13', '00:30', 'null', 0, 36, 94),
(633, '2022-11-25', 16, '2022-11-25 13:55:32', '2022-11-25 13:55:33', '00:00:03', 'null', 0, 0, 94),
(634, '2022-11-25', 16, '2022-11-25 13:55:54', '2022-11-25 14:00:59', '00:05:07', 'null', 0, 36, 61),
(635, '2022-11-25', 9, '2022-11-25 13:04:57', '2022-11-25 14:12:53', '01:07:57', 'null', 0, 800, 63),
(636, '2022-11-25', 8, '2022-11-25 10:24:01', '2022-11-25 15:13:53', '02:39:39', 'null', 0, 299, 86),
(637, '2022-11-25', 12, '2022-11-25 10:29:12', '2022-11-25 15:26:30', '03:37:07', 'null', 0, 364, 86),
(638, '2022-11-25', 32, '2022-11-25 10:30:54', '2022-11-25 15:30:19', '04:16:25', 'null', 0, 50, 93),
(639, '2022-11-25', 23, '2022-11-25 09:26:25', '2022-11-25 14:32:23', '04:05:05', 'null', 0, 405, 86),
(640, '2022-11-25', 17, '2022-11-25 14:36:11', '2022-11-25 15:34:34', '00:58:25', 'null', 0, 56, 90),
(641, '2022-11-25', 20, '2022-11-25 09:10:30', '2022-11-25 14:54:55', '04:30:48', 'null', 0, 292, 20),
(642, '2022-11-25', 20, '2022-11-25 14:55:37', '2022-11-25 14:55:38', '00:00:03', 'null', 0, 0, 9),
(643, '2022-11-25', 12, '2022-11-25 15:33:49', '2022-11-25 16:28:19', '00:54:32', 'null', 0, 364, 61),
(644, '2022-11-25', 23, '2022-11-25 14:40:43', '2022-11-25 15:44:10', '01:03:28', 'null', 0, 405, 61),
(645, '2022-11-25', 9, '2022-11-25 14:15:54', '2022-11-25 15:46:42', '01:27:24', 'null', 0, 800, 61),
(646, '2022-11-25', 18, '2022-11-25 14:35:54', '2022-11-25 16:59:24', '02:14:15', 'null', 0, 1000, 61),
(647, '2022-11-25', 20, '2022-11-25 14:56:01', '2022-11-25 16:01:51', '00:55:54', 'null', 0, 292, 61),
(648, '2022-11-25', 8, '2022-11-25 16:08:48', '2022-11-25 17:27:55', '01:11:48', 'null', 0, 299, 61),
(649, '2022-11-25', 13, '2022-11-25 13:24:56', '2022-11-25 16:43:52', '03:03:25', 'null', 0, 228, 10),
(650, '2022-11-25', 18, '2022-11-25 17:49:57', '2022-11-25 17:49:58', '00:00:03', 'null', 0, 35, 90),
(651, '2022-11-25', 12, '2022-11-25 17:15:54', '2022-11-25 17:49:03', '00:33:11', 'null', 0, 40, 90),
(652, '2022-11-25', 23, '2022-11-25 16:00:26', '2022-11-25 16:50:55', '00:50:30', 'null', 0, 48, 84),
(653, '2022-11-25', 16, '2022-11-25 14:24:48', '2022-11-25 17:00:19', '02:35:32', 'null', 0, 95, 26),
(654, '2022-11-25', 20, '2022-11-25 16:11:07', '2022-11-25 17:14:40', '01:03:35', 'null', 0, 63, 26),
(655, '2022-11-28', 28, '2022-11-28 10:18:11', '2022-11-28 15:35:56', '04:16:15', 'null', 0, 506, 72),
(656, '2022-11-28', 13, '2022-11-28 09:18:12', '2022-11-28 16:16:02', '05:47:19', 'null', 0, 500, 91),
(657, '2022-11-28', 23, '2022-11-28 09:17:29', '2022-11-28 17:22:47', '06:44:22', 'null', 0, 501, 14),
(658, '2022-11-28', 13, '2022-11-28 16:21:09', '2022-11-28 17:27:08', '00:57:03', 'null', 0, 0, 61),
(659, '2022-11-28', 13, '2022-11-28 16:21:09', '2022-11-28 17:27:08', '00:57:03', 'null', 0, 0, 61),
(660, '2022-11-28', 28, '2022-11-28 15:59:15', '2022-11-28 17:29:29', '01:30:16', 'null', 0, 160, 86),
(661, '2022-11-28', 26, '2022-11-28 10:46:16', '2022-11-28 17:29:49', '05:30:15', 'null', 0, 392, 84),
(662, '2022-11-28', 31, '2022-11-28 10:00:34', '2022-11-28 18:29:53', '07:17:52', 'null', 0, 0, 93),
(663, '2022-11-28', 35, '2022-11-28 10:00:35', '2022-11-28 18:30:58', '07:22:52', 'null', 0, 0, 93),
(664, '2022-11-28', 12, '2022-11-28 20:19:06', '2022-11-28 21:28:53', '01:09:49', 'null', 0, 1, 64),
(665, '2022-11-28', 11, '2022-11-28 20:20:37', '2022-11-28 21:30:30', '01:09:54', 'null', 0, 1, 64),
(666, '2022-11-28', 34, '2022-11-28 13:05:51', '2022-11-28 21:30:48', '06:17:59', 'null', 0, 151, 68),
(667, '2022-11-28', 14, '2022-11-28 20:19:16', '2022-11-28 21:30:56', '01:11:42', 'null', 0, 1, 64),
(668, '2022-11-28', 32, '2022-11-28 14:01:29', '2022-11-28 23:07:30', '07:01:50', 'null', 0, 130, 67),
(669, '2022-11-29', 35, '2022-11-29 10:00:46', '2022-11-29 10:05:24', '00:00:06', 'null', 0, 0, 93),
(670, '2022-11-29', 33, '2022-11-29 09:00:08', '2022-11-29 09:09:13', '00:00:29', 'null', 0, 0, 9),
(671, '2022-11-29', 23, '2022-11-29 09:00:16', '2022-11-29 10:29:05', '01:28:51', 'null', 0, 501, 61),
(672, '2022-11-29', 31, '2022-11-29 10:05:41', '2022-11-29 14:02:49', '03:19:41', 'null', 0, 0, 68),
(673, '2022-11-29', 31, '2022-11-29 14:03:28', '2022-11-29 15:39:45', '01:05:28', 'null', 0, 0, 68),
(674, '2022-11-29', 35, '2022-11-29 10:05:43', '2022-11-29 15:39:49', '05:03:02', 'null', 0, 0, 67),
(675, '2022-11-29', 17, '2022-11-29 08:08:34', '2022-11-29 15:33:19', '06:28:21', 'null', 0, 512, 76),
(676, '2022-11-29', 28, '2022-11-29 08:35:21', '2022-11-29 15:44:58', '06:06:45', 'null', 0, 549, 86),
(677, '2022-11-29', 9, '2022-11-29 08:39:09', '2022-11-29 16:17:21', '06:36:54', 'null', 0, 500, 76),
(678, '2022-11-29', 23, '2022-11-29 10:55:28', '2022-11-29 16:34:56', '04:29:08', 'null', 0, 844, 11),
(679, '2022-11-29', 17, '2022-11-29 15:40:39', '2022-11-29 16:53:44', '01:13:06', 'null', 0, 512, 61),
(680, '2022-11-29', 17, '2022-11-29 16:54:12', '2022-11-29 17:15:25', '00:12:38', 'null', 0, 512, 65),
(681, '2022-11-29', 28, '2022-11-29 15:47:51', '2022-11-29 17:16:51', '01:29:01', 'null', 0, 706, 61),
(682, '2022-11-29', 9, '2022-11-29 16:18:00', '2022-11-29 17:26:02', '01:05:15', 'null', 0, 500, 61),
(683, '2022-11-29', 23, '2022-11-29 16:40:35', '2022-11-29 17:30:27', '00:49:54', 'null', 0, 399, 61),
(684, '2022-11-29', 33, '2022-11-29 09:09:35', '2022-11-29 17:31:45', '06:55:44', 'null', 0, 0, 67),
(685, '2022-11-30', 26, '2022-11-30 09:19:20', '2022-11-30 16:55:22', '04:15:47', 'null', 0, 254, 26),
(686, '2022-11-30', 30, '2022-11-30 09:19:13', '2022-11-30 17:16:30', '06:50:58', 'null', 0, 240, 8),
(687, '2022-11-30', 32, '2022-11-30 18:10:58', '2022-11-30 23:03:17', '01:54:37', 'null', 0, 260, 69),
(688, '2022-12-01', 4, '2022-12-01 08:06:58', '2022-12-01 08:07:00', '00:00:03', 'null', 0, 0, 58),
(689, '2022-12-01', 17, '2022-12-01 08:02:10', '2022-12-01 08:47:43', '00:43:03', 'null', 0, 258, 61),
(690, '2022-12-01', 17, '2022-12-01 08:48:33', '2022-12-01 08:55:58', '00:07:26', 'null', 0, 258, 65),
(691, '2022-12-01', 31, '2022-12-01 10:01:57', '2022-12-01 10:12:39', '00:10:44', 'null', 0, 0, 67),
(692, '2022-12-01', 17, '2022-12-01 11:01:31', '2022-12-01 11:01:34', '00:00:04', 'null', 0, 89, 67),
(693, '2022-12-01', 17, '2022-12-01 11:02:13', '2022-12-01 11:05:37', '00:03:26', 'null', 0, 89, 65),
(694, '2022-12-01', 30, '2022-12-01 09:01:53', '2022-12-01 13:28:58', '02:37:45', 'null', 0, 111, 8),
(695, '2022-12-01', 17, '2022-12-01 13:22:19', '2022-12-01 13:31:05', '00:08:47', 'null', 0, 51, 61),
(696, '2022-12-01', 20, '2022-12-01 09:08:16', '2022-12-01 14:50:24', '04:22:16', 'null', 0, 254, 71),
(697, '2022-12-01', 30, '2022-12-01 13:29:32', '2022-12-01 14:58:32', '01:29:01', 'null', 0, 351, 61),
(698, '2022-12-01', 30, '2022-12-01 13:29:32', '2022-12-01 14:58:32', '01:29:01', 'null', 0, 351, 61),
(699, '2022-12-01', 30, '2022-12-01 15:10:42', '2022-12-01 15:24:30', '00:13:49', 'null', 0, 351, 65),
(700, '2022-12-01', 20, '2022-12-01 14:50:47', '2022-12-01 16:05:42', '01:14:57', 'null', 0, 254, 61),
(701, '2022-12-01', 30, '2022-12-01 16:16:28', '2022-12-01 17:25:02', '00:58:44', 'null', 0, 91, 51),
(702, '2022-12-01', 17, '2022-12-01 13:44:43', '2022-12-01 17:33:47', '03:38:14', 'null', 0, 405, 25),
(703, '2022-12-01', 31, '2022-12-01 10:12:54', '2022-12-01 18:34:42', '06:19:46', 'null', 0, 0, 68),
(704, '2022-12-01', 35, '2022-12-01 15:59:07', '2022-12-01 18:35:05', '02:08:41', 'null', 0, 0, 67),
(705, '2022-12-02', 30, '2022-12-02 09:01:45', '2022-12-02 13:02:40', '02:06:59', 'null', 0, 125, 25),
(706, '2022-12-02', 26, '2022-12-02 12:46:05', '2022-12-02 13:12:56', '00:26:52', 'null', 0, 244, 15),
(707, '2022-12-02', 20, '2022-12-02 09:03:24', '2022-12-02 14:02:30', '03:47:16', 'null', 0, 333, 52),
(708, '2022-12-02', 20, '2022-12-02 14:02:55', '2022-12-02 14:47:24', '00:44:30', 'null', 0, 333, 61),
(709, '2022-12-02', 32, '2022-12-02 13:34:58', '2022-12-02 18:53:18', '05:18:21', 'null', 0, 0, 69),
(710, '2022-12-05', 31, '2022-12-05 10:05:45', '2022-12-05 10:10:17', '00:00:08', 'null', 0, 0, 93),
(711, '2022-12-05', 31, '2022-12-05 10:10:30', '2022-12-05 11:35:54', '00:00:08', 'null', 0, 0, 67),
(712, '2022-12-05', 13, '2022-12-05 09:18:10', '2022-12-05 14:43:13', '04:10:06', 'null', 0, 729, 72),
(713, '2022-12-05', 13, '2022-12-05 14:48:36', '2022-12-05 16:54:34', '01:53:44', 'null', 0, 729, 61),
(714, '2022-12-05', 28, '2022-12-05 14:41:29', '2022-12-05 17:15:28', '02:34', 'null', 0, 356, 86),
(715, '2022-12-05', 31, '2022-12-05 11:36:17', '2022-12-05 18:29:30', '05:12:02', 'null', 0, 0, 93),
(716, '2022-12-06', 28, '2022-12-06 09:07:17', '2022-12-06 11:06:29', '01:59:13', 'null', 0, 191, 86),
(717, '2022-12-06', 28, '2022-12-06 11:18:07', '2022-12-06 13:27:31', '01:08:41', 'null', 0, 460, 61),
(718, '2022-12-06', 31, '2022-12-06 10:00:38', '2022-12-06 18:32:23', '07:10:46', 'null', 0, 0, 68),
(719, '2022-12-07', 7, '2022-12-07 09:07:23', '2022-12-07 13:48:04', '03:34:40', 'null', 0, 170, 22),
(720, '2022-12-07', 7, '2022-12-07 13:50:35', '2022-12-07 14:44:24', '00:53:50', 'null', 0, 374, 61),
(721, '2022-12-07', 20, '2022-12-07 09:39:06', '2022-12-07 15:55:15', '05:20:23', 'null', 0, 266, 69),
(722, '2022-12-07', 13, '2022-12-07 16:46:36', '2022-12-07 17:31:58', '00:45:23', 'null', 0, 647, 76),
(723, '2022-12-08', 13, '2022-12-08 08:56:45', '2022-12-08 10:30:55', '01:34:12', 'null', 0, 111, 76),
(724, '2022-12-08', 20, '2022-12-08 09:00:01', '2022-12-08 11:48:07', '02:40:04', 'null', 0, 272, 70),
(725, '2022-12-08', 20, '2022-12-08 11:48:35', '2022-12-08 13:40:56', '00:49', 'null', 0, 272, 61),
(726, '2022-12-08', 13, '2022-12-08 10:34:51', '2022-12-08 13:44:46', '02:56:09', 'null', 0, 758, 61),
(727, '2022-12-08', 8, '2022-12-08 08:52:59', '2022-12-08 16:31:55', '06:03:41', 'null', 0, 261, 8),
(728, '2022-12-08', 13, '2022-12-08 15:08:33', '2022-12-08 17:09:27', '02:00:56', 'null', 0, 270, 31),
(729, '2022-12-08', 20, '2022-12-08 14:08:53', '2022-12-08 17:27:46', '03:18:55', 'null', 0, 127, 8),
(730, '2022-12-09', 13, '2022-12-09 08:53:58', '2022-12-09 10:38:11', '01:09:58', 'null', 0, 165, 86),
(731, '2022-12-09', 13, '2022-12-09 10:42:10', '2022-12-09 11:03:03', '00:20:55', 'null', 0, 165, 61),
(732, '2022-12-09', 20, '2022-12-09 09:06:06', '2022-12-09 14:28:41', '04:18:59', 'null', 0, 390, 92),
(733, '2022-12-12', 13, '2022-12-12 09:14:22', '2022-12-12 09:28:56', '00:14:35', 'null', 0, 63, 70),
(734, '2022-12-13', 8, '2022-12-12 10:09:39', '2022-12-13 09:08:45', '21:49:33', 'null', 0, 0, 95),
(735, '2022-12-13', 13, '2022-12-13 09:11:51', '2022-12-13 13:54:28', '04:35:37', 'null', 0, 300, 71),
(736, '2022-12-13', 8, '2022-12-13 09:09:10', '2022-12-13 17:11:32', '07:56:08', 'null', 0, 406, 95),
(737, '2022-12-14', 30, '2022-12-14 09:48:09', '2022-12-14 14:30:21', '04:27:41', 'null', 0, 508, 63),
(738, '2022-12-14', 20, '2022-12-14 09:15:52', '2022-12-14 15:03:24', '04:36:23', 'null', 0, 339, 32),
(739, '2022-12-14', 20, '2022-12-14 16:34:37', '2022-12-14 17:15:56', '00:38:49', 'null', 0, 30, 26),
(740, '2022-12-14', 30, '2022-12-14 15:05:18', '2022-12-14 17:27:18', '02:05:59', 'null', 0, 465, 61),
(741, '2022-12-15', 30, '2022-12-15 09:05:00', '2022-12-15 09:24:15', '00:19:16', 'null', 0, 35, 61),
(742, '2022-12-15', 30, '2022-12-15 09:24:40', '2022-12-15 09:31:29', '00:06:50', 'null', 0, 2, 65),
(743, '2022-12-15', 20, '2022-12-15 09:04:05', '2022-12-15 14:55:24', '04:40:14', 'null', 0, 243, 26),
(744, '2022-12-15', 20, '2022-12-15 16:15:28', '2022-12-15 17:12:47', '00:57:21', 'null', 0, 56, 98),
(745, '2022-12-15', 8, '2022-12-15 13:19:41', '2022-12-15 17:24:43', '04:05:04', 'null', 0, 158, 100),
(746, '2022-12-15', 30, '2022-12-15 09:38:08', '2022-12-15 17:26:04', '06:13:24', 'null', 0, 200, 71),
(747, '2022-12-16', 7, '2022-12-16 09:05:34', '2022-12-16 10:19:16', '01:13:44', 'null', 0, 88, 96),
(748, '2022-12-16', 30, '2022-12-16 09:01:48', '2022-12-16 14:26:54', '04:30:58', 'null', 0, 153, 71),
(749, '2022-12-16', 20, '2022-12-16 09:48:08', '2022-12-16 15:52:44', '05:00:37', 'null', 0, 372, 98),
(750, '2022-12-16', 30, '2022-12-16 15:16:25', '2022-12-16 16:44:18', '00:46:23', 'null', 0, 353, 61),
(751, '2022-12-19', 3, '2022-12-19 19:49:22', '2022-12-19 19:51:39', '00:01:38', 'null', 0, 250, 29),
(752, '2022-12-19', 7, '2022-12-19 20:21:31', '2022-12-19 20:25:02', '00:01:58', 'null', 0, 120, 94),
(753, '2022-12-19', 7, '2022-12-19 20:28:06', '2022-12-19 20:30:58', '23:59:50', '5', 100, 199, 29),
(754, '2022-12-19', 7, '2022-12-19 21:04:54', '2022-12-19 21:08:39', '00:02:29', 'null', 0, 89, 29),
(755, '2022-12-19', 7, '2022-12-19 21:04:54', '2022-12-19 21:08:39', '00:02:29', 'null', 0, 89, 29),
(756, '2022-12-19', 7, '2022-12-19 21:10:44', '2022-12-19 21:12:59', '00:01:24', 'null', 0, 99, 29),
(757, '2022-12-19', 3, '2022-12-19 21:15:08', '2022-12-19 21:15:55', '00:00:29', 'null', 0, 99, 29),
(758, '2022-12-19', 3, '2022-12-19 21:27:10', '2022-12-19 21:29:59', '00:01:50', 'null', 0, 99, 6),
(759, '2022-12-19', 7, '2022-12-19 21:35:08', '2022-12-19 21:39:23', '00:03:43', 'null', 0, 12, 8),
(760, '2022-12-19', 28, '2022-12-19 09:09:22', '2022-12-19 17:13:07', '06:58:05', 'null', 0, 593, 98),
(761, '2022-12-19', 31, '2022-12-19 09:39:19', '2022-12-19 17:40:21', '07:20:31', 'null', 0, 0, 99),
(762, '2022-12-20', 3, '2022-12-20 16:32:05', '2022-12-20 16:34:50', '00:01:46', 'null', 0, 99, 8),
(763, '2022-12-20', 3, '2022-12-20 16:32:05', '2022-12-20 16:34:50', '00:01:46', 'null', 0, 99, 8),
(764, '2022-12-20', 35, '2022-12-19 10:32:15', '2022-12-20 10:10:59', '02:46:57', 'null', 0, 0, 67),
(765, '2022-12-20', 28, '2022-12-20 09:12:49', '2022-12-20 14:54:08', '04:35:53', 'null', 0, 358, 98),
(766, '2022-12-20', 31, '2022-12-20 09:11:09', '2022-12-20 17:30:05', '07:53:14', 'null', 0, 0, 99),
(767, '2022-12-20', 28, '2022-12-20 15:00:27', '2022-12-20 17:30:18', '02:21:33', 'null', 0, 909, 61),
(768, '2022-12-21', 35, '2022-12-20 10:12:12', '2022-12-21 10:02:08', '21:52:54', 'null', 0, 0, 99),
(769, '2022-12-21', 9, '2022-12-21 11:13:38', '2022-12-21 17:17:04', '05:07:37', 'null', 0, 529, 103),
(770, '2022-12-21', 19, '2022-12-21 16:14:18', '2022-12-21 17:17:20', '01:03:04', 'null', 0, 75, 92),
(771, '2022-12-21', 31, '2022-12-21 11:54:16', '2022-12-21 17:34:21', '02:25:45', 'null', 0, 0, 102),
(772, '2022-12-21', 14, '2022-12-21 13:30:01', '2022-12-21 19:23:11', '04:33:12', 'null', 0, 501, 97),
(773, '2022-12-22', 9, '2022-12-22 08:54:50', '2022-12-22 10:27:00', '01:32:11', 'null', 0, 148, 103),
(774, '2022-12-22', 9, '2022-12-22 10:38:19', '2022-12-22 11:30:26', '00:52:08', 'null', 0, 300, 61),
(775, '2022-12-22', 9, '2022-12-22 11:43:10', '2022-12-22 13:26:37', '00:40:08', 'null', 0, 200, 61),
(776, '2022-12-22', 30, '2022-12-22 09:09:52', '2022-12-22 17:15:24', '05:54:57', 'null', 0, 320, 54),
(777, '2022-12-22', 7, '2022-12-22 09:03:30', '2022-12-22 17:17:17', '07:12:01', 'null', 0, 623, 92),
(778, '2022-12-22', 31, '2022-12-22 09:12:52', '2022-12-22 17:36:17', '06:44:30', 'null', 0, 0, 102),
(779, '2022-12-22', 35, '2022-12-22 10:13:33', '2022-12-22 18:36:48', '04:42:47', 'null', 0, 0, 102),
(780, '2022-12-23', 28, '2022-12-23 09:26:02', '2022-12-23 13:10:25', '02:34:09', 'null', 0, 130, 104),
(781, '2022-12-26', 19, '2022-12-26 08:56:45', '2022-12-26 10:36:37', '01:30:30', 'null', 0, 0, 92),
(782, '2022-12-26', 35, '2022-12-26 11:17:58', '2022-12-26 11:55:48', '00:37:51', 'null', 0, 0, 102),
(783, '2022-12-26', 23, '2022-12-26 11:55:20', '2022-12-26 13:26:33', '01:31:14', 'null', 0, 135, 10),
(784, '2022-12-26', 19, '2022-12-26 10:47:48', '2022-12-26 13:20:48', '01:29:56', 'null', 0, 202, 92),
(785, '2022-12-26', 28, '2022-12-26 10:30:27', '2022-12-26 13:27:47', '01:54:30', 'null', 0, 144, 104),
(786, '2022-12-26', 19, '2022-12-26 13:22:50', '2022-12-26 13:59:02', '00:36:13', 'null', 0, 202, 61),
(787, '2022-12-26', 28, '2022-12-26 13:31:23', '2022-12-26 17:04:22', '03:28:41', 'null', 0, 178, 104),
(788, '2022-12-26', 28, '2022-12-26 17:08:26', '2022-12-26 17:28:49', '00:20:24', 'null', 0, 110, 61),
(789, '2022-12-26', 31, '2022-12-26 13:03:11', '2022-12-26 17:31:31', '03:00:14', 'null', 0, 0, 102),
(790, '2022-12-26', 35, '2022-12-26 12:42:15', '2022-12-26 17:31:36', '04:49:23', 'null', 0, 0, 102),
(791, '2022-12-27', 19, '2022-12-27 10:00:07', '2022-12-27 10:35:52', '00:35:47', 'null', 0, 38, 92),
(792, '2022-12-27', 19, '2022-12-27 10:39:43', '2022-12-27 10:55:37', '00:08:01', 'null', 0, 35, 61),
(793, '2022-12-27', 28, '2022-12-27 09:05:35', '2022-12-27 14:38:11', '04:27:28', 'null', 0, 192, 104),
(794, '2022-12-27', 28, '2022-12-27 14:54:52', '2022-12-27 16:02:14', '01:07:24', 'null', 0, 403, 61),
(795, '2022-12-27', 23, '2022-12-27 14:16:12', '2022-12-27 18:18:56', '03:29:07', 'null', 0, 388, 10);
INSERT INTO `data` (`id`, `date`, `username`, `start_time`, `end_time`, `total_working_time`, `target_working_time`, `target_quota`, `actual_quota`, `sku_packed`) VALUES
(796, '2022-12-27', 19, '2022-12-27 10:56:40', '2022-12-27 17:58:13', '04:50:15', 'null', 0, 601, 105),
(797, '2022-12-28', 3, '2022-12-28 10:13:47', '2022-12-28 10:57:41', '00:37', 'null', 0, 25, 84),
(798, '2022-12-28', 36, '2022-12-28 10:16:35', '2022-12-28 10:17:37', '00:00:52', 'null', 0, 50, 41),
(799, '2022-12-28', 19, '2022-12-28 09:42:09', '2022-12-28 10:21:09', '00:39:01', 'null', 0, 54, 105),
(800, '2022-12-28', 22, '2022-12-28 10:32:59', '2022-12-28 11:46:39', '00:49:31', 'null', 0, 102, 117),
(801, '2022-12-28', 19, '2022-12-28 10:22:19', '2022-12-28 13:01:13', '02:29:45', 'null', 0, 655, 61),
(802, '2022-12-28', 31, '2022-12-28 09:13:42', '2022-12-28 14:18:22', '03:37:51', 'null', 0, 0, 99),
(803, '2022-12-28', 23, '2022-12-28 14:10:46', '2022-12-28 16:00:50', '00:45:46', 'null', 0, 77, 10),
(804, '2022-12-28', 24, '2022-12-28 09:24:24', '2022-12-28 16:39:59', '05:46:58', 'null', 0, 321, 110),
(805, '2022-12-28', 16, '2022-12-28 10:02:16', '2022-12-28 16:39:41', '05:16:32', 'null', 0, 273, 94),
(806, '2022-12-28', 22, '2022-12-28 11:54:52', '2022-12-28 17:58:57', '04:40:26', 'null', 0, 435, 115),
(807, '2022-12-28', 31, '2022-12-28 14:18:47', '2022-12-28 17:06:19', '02:22:30', 'null', 0, 0, 120),
(808, '2022-12-28', 7, '2022-12-28 10:14:32', '2022-12-28 17:10:36', '04:54:01', 'null', 0, 520, 11),
(809, '2022-12-28', 13, '2022-12-28 09:24:09', '2022-12-28 17:14:51', '06:24:33', 'null', 0, 452, 26),
(810, '2022-12-28', 8, '2022-12-28 10:15:34', '2022-12-28 17:18:06', '06:20:33', 'null', 0, 336, 22),
(811, '2022-12-28', 18, '2022-12-28 11:23:30', '2022-12-28 18:21:13', '04:47:15', 'null', 0, 400, 121),
(812, '2022-12-28', 36, '2022-12-28 10:35:43', '2022-12-28 17:21:48', '05:43:39', 'null', 0, 272, 91),
(813, '2022-12-28', 39, '2022-12-28 09:22:25', '2022-12-28 17:24:30', '04:55:42', 'null', 0, 800, 97),
(814, '2022-12-28', 23, '2022-12-28 17:13:34', '2022-12-28 18:25:06', '01:11:33', 'null', 0, 82, 111),
(815, '2022-12-28', 6, '2022-12-28 11:06:47', '2022-12-28 18:25:07', '05:49:23', 'null', 0, 280, 71),
(816, '2022-12-28', 31, '2022-12-28 17:06:39', '2022-12-28 17:31:09', '00:24:31', 'null', 0, 0, 99),
(817, '2022-12-28', 9, '2022-12-28 08:50:27', '2022-12-28 17:31:33', '07:24:58', 'null', 0, 621, 0),
(818, '2022-12-28', 22, '2022-12-28 18:13:33', '2022-12-28 20:06:28', '01:46:28', 'null', 0, 205, 112),
(819, '2022-12-28', 16, '2022-12-28 16:57:32', '2022-12-28 21:12:48', '03:40:45', 'null', 0, 151, 111),
(820, '2022-12-29', 35, '2022-12-28 09:22:45', '2022-12-29 09:02:45', '23:01:33', 'null', 0, 0, 99),
(821, '2022-12-29', 9, '2022-12-29 08:33:46', '2022-12-29 09:27:02', '00:53:17', 'null', 0, 390, 61),
(822, '2022-12-29', 14, '2022-12-29 09:07:47', '2022-12-29 10:13:05', '01:00:06', 'null', 0, 0, 61),
(823, '2022-12-29', 7, '2022-12-29 09:05:43', '2022-12-29 10:42:09', '01:36:28', 'null', 0, 520, 61),
(824, '2022-12-29', 18, '2022-12-29 09:22:15', '2022-12-29 11:31:19', '01:23:41', 'null', 0, 102, 126),
(825, '2022-12-29', 13, '2022-12-29 08:42:01', '2022-12-29 11:59:17', '03:07:04', 'null', 0, 245, 26),
(826, '2022-12-29', 14, '2022-12-29 10:18:52', '2022-12-29 12:13:00', '01:54:09', 'null', 0, 321, 63),
(827, '2022-12-29', 31, '2022-12-29 09:05:19', '2022-12-29 12:59:16', '00:51:29', 'null', 0, 0, 99),
(828, '2022-12-29', 9, '2022-12-29 09:54:49', '2022-12-29 12:59:33', '02:53:03', 'null', 0, 140, 122),
(829, '2022-12-29', 18, '2022-12-29 11:43:20', '2022-12-29 13:38:44', '00:40:50', 'null', 0, 272, 61),
(830, '2022-12-29', 14, '2022-12-29 12:30:54', '2022-12-29 13:47:03', '01:03:15', 'null', 0, 321, 61),
(831, '2022-12-29', 35, '2022-12-29 09:03:07', '2022-12-29 14:29:27', '04:45:52', 'null', 0, 0, 99),
(832, '2022-12-29', 31, '2022-12-29 12:59:28', '2022-12-29 14:39:18', '00:04:31', 'null', 0, 0, 118),
(833, '2022-12-29', 12, '2022-12-29 11:08:22', '2022-12-29 15:35:25', '02:47:51', 'null', 0, 323, 113),
(834, '2022-12-29', 17, '2022-12-29 09:03:07', '2022-12-29 16:46:37', '07:00:22', 'null', 0, 306, 110),
(835, '2022-12-29', 8, '2022-12-29 08:45:07', '2022-12-29 15:53:51', '03:17:05', 'null', 0, 224, 22),
(836, '2022-12-29', 18, '2022-12-29 13:45:28', '2022-12-29 16:09:15', '00:59:08', 'null', 0, 114, 91),
(837, '2022-12-29', 22, '2022-12-29 09:54:39', '2022-12-29 17:28:34', '05:42:41', 'null', 0, 483, 112),
(838, '2022-12-29', 19, '2022-12-29 09:14:33', '2022-12-29 16:31:36', '04:51:59', 'null', 0, 600, 116),
(839, '2022-12-29', 9, '2022-12-29 13:21:27', '2022-12-29 16:33:31', '02:54:17', 'null', 0, 600, 62),
(840, '2022-12-29', 23, '2022-12-29 14:04:16', '2022-12-29 18:00:24', '03:36:42', 'null', 0, 226, 111),
(841, '2022-12-29', 8, '2022-12-29 16:55:01', '2022-12-29 17:09:08', '00:14:08', 'null', 0, 47, 106),
(842, '2022-12-29', 12, '2022-12-29 16:14:18', '2022-12-29 17:10:40', '00:53:16', 'null', 0, 51, 94),
(843, '2022-12-29', 17, '2022-12-29 17:05:40', '2022-12-29 18:18:33', '01:12:55', 'null', 0, 119, 54),
(844, '2022-12-29', 14, '2022-12-29 15:08:49', '2022-12-29 17:20:52', '01:43:19', 'null', 0, 134, 115),
(845, '2022-12-29', 25, '2022-12-29 13:23:29', '2022-12-29 17:21:04', '02:50:56', 'null', 0, 265, 100),
(846, '2022-12-29', 18, '2022-12-29 16:28:29', '2022-12-29 17:29:10', '01:00:43', 'null', 0, 153, 32),
(847, '2022-12-29', 9, '2022-12-29 16:40:47', '2022-12-29 17:30:58', '00:50:12', 'null', 0, 287, 62),
(848, '2022-12-29', 31, '2022-12-29 14:39:31', '2022-12-29 17:38:40', '02:01:38', 'null', 0, 0, 118),
(849, '2022-12-29', 7, '2022-12-29 10:45:22', '2022-12-29 17:39:24', '05:30:26', 'null', 0, 520, 62),
(850, '2022-12-29', 22, '2022-12-29 17:54:13', '2022-12-29 19:31:57', '01:02:47', 'null', 0, 122, 121),
(851, '2022-12-29', 14, '2022-12-29 18:01:06', '2022-12-29 19:26:27', '01:25:22', 'null', 0, 59, 87),
(852, '2022-12-30', 35, '2022-12-29 14:29:50', '2022-12-30 09:05:07', '18:11:59', 'null', 0, 0, 118),
(853, '2022-12-30', 17, '2022-12-30 09:36:29', '2022-12-30 11:02:57', '01:19:59', 'null', 0, 126, 54),
(854, '2022-12-30', 7, '2022-12-30 09:09:03', '2022-12-30 10:03:32', '00:38:52', 'null', 0, 72, 97),
(855, '2022-12-30', 12, '2022-12-30 11:17:50', '2022-12-30 12:02:29', '00:36:20', 'null', 0, 51, 84),
(856, '2022-12-30', 19, '2022-12-30 10:53:36', '2022-12-30 11:19:40', '00:26:06', 'null', 0, 249, 82),
(857, '2022-12-30', 18, '2022-12-30 09:18:19', '2022-12-30 11:22:22', '01:16:23', 'null', 0, 135, 32),
(858, '2022-12-30', 17, '2022-12-30 11:20:48', '2022-12-30 12:56:28', '01:35:41', 'null', 0, 127, 10),
(859, '2022-12-30', 28, '2022-12-30 10:10:00', '2022-12-30 13:00:17', '02:50:19', 'null', 0, 239, 106),
(860, '2022-12-30', 8, '2022-12-30 09:46:57', '2022-12-30 13:23:51', '02:13:37', 'null', 0, 249, 106),
(861, '2022-12-30', 28, '2022-12-30 14:05:32', '2022-12-30 14:38:29', '00:32:59', 'null', 0, 242, 61),
(862, '2022-12-30', 16, '2022-12-30 10:00:38', '2022-12-30 14:51:43', '02:47:23', 'null', 0, 202, 13),
(863, '2022-12-30', 7, '2022-12-30 10:07:10', '2022-12-30 14:54:47', '01:56:21', 'null', 0, 165, 94),
(864, '2022-12-30', 25, '2022-12-30 13:19:49', '2022-12-30 15:16:17', '01:38:50', 'null', 0, 95, 91),
(865, '2022-12-30', 23, '2022-12-30 14:12:01', '2022-12-30 16:17:36', '01:51:37', 'null', 0, 119, 125),
(866, '2022-12-30', 14, '2022-12-30 08:53:20', '2022-12-30 15:40:07', '05:42:05', 'null', 0, 256, 71),
(867, '2022-12-30', 31, '2022-12-30 09:10:26', '2022-12-30 16:13:18', '04:49:21', 'null', 0, 0, 118),
(868, '2022-12-30', 17, '2022-12-30 13:58:27', '2022-12-30 17:24:35', '02:33:32', 'null', 0, 273, 122),
(869, '2022-12-30', 14, '2022-12-30 15:44:49', '2022-12-30 16:30:23', '00:45:35', 'null', 0, 315, 61),
(870, '2022-12-30', 18, '2022-12-30 13:05:28', '2022-12-30 16:39:42', '02:41:34', 'null', 0, 222, 112),
(871, '2022-12-30', 19, '2022-12-30 15:25:58', '2022-12-30 16:56:52', '01:30:55', 'null', 0, 123, 92),
(872, '2022-12-30', 16, '2022-12-30 15:24:12', '2022-12-30 17:17:45', '01:18:04', 'null', 0, 148, 76),
(873, '2022-12-30', 35, '2022-12-30 11:07:03', '2022-12-30 17:36:19', '04:46:21', 'null', 0, 0, 118),
(874, '2023-01-02', 31, '2023-01-02 10:14:54', '2023-01-02 13:51:08', '02:50:55', 'null', 0, 0, 118),
(875, '2023-01-02', 12, '2023-01-02 10:06:01', '2023-01-02 17:15:42', '06:19', 'null', 0, 320, 111),
(876, '2023-01-02', 39, '2023-01-02 09:12:19', '2023-01-02 17:19:01', '07:55:46', 'null', 0, 409, 111),
(877, '2023-01-02', 13, '2023-01-02 10:07:57', '2023-01-02 18:28:22', '06:19:47', 'null', 0, 400, 111),
(878, '2023-01-03', 34, '2023-01-03 09:11:16', '2023-01-03 09:12:32', '00:00:23', 'null', 0, 0, 118),
(879, '2023-01-03', 13, '2023-01-03 10:11:10', '2023-01-03 11:08:20', '00:57:11', 'null', 0, 400, 61),
(880, '2023-01-03', 39, '2023-01-03 09:08:13', '2023-01-03 11:27:31', '01:03:46', 'null', 0, 71, 111),
(881, '2023-01-03', 13, '2023-01-03 11:19:37', '2023-01-03 13:48:29', '01:28:16', 'null', 0, 0, 33),
(882, '2023-01-03', 28, '2023-01-03 12:59:46', '2023-01-03 17:44:04', '03:45:26', 'null', 0, 521, 18),
(883, '2023-01-03', 39, '2023-01-03 11:38:21', '2023-01-03 17:04:43', '04:18:11', 'null', 0, 216, 15),
(884, '2023-01-03', 20, '2023-01-03 16:08:13', '2023-01-03 17:21:47', '01:04:20', 'null', 0, 198, 128),
(885, '2023-01-03', 28, '2023-01-03 17:53:04', '2023-01-03 18:29:40', '00:36:38', 'null', 0, 280, 61),
(886, '2023-01-03', 34, '2023-01-03 09:13:10', '2023-01-03 17:41:05', '07:14:26', 'null', 0, 0, 120),
(887, '2023-01-03', 22, '2023-01-03 13:10:39', '2023-01-03 19:58:29', '06:03:17', 'null', 0, 260, 135),
(888, '2023-01-04', 40, '2023-01-04 09:18:34', '2023-01-04 13:33:40', '03:10:18', 'null', 0, 139, 135),
(889, '2023-01-04', 22, '2023-01-04 09:46:55', '2023-01-04 15:46:43', '05:59:50', 'null', 0, 240, 135),
(890, '2023-01-04', 13, '2023-01-04 10:02:08', '2023-01-04 16:52:38', '05:45:07', 'null', 0, 573, 33),
(891, '2023-01-04', 40, '2023-01-04 14:14:06', '2023-01-04 16:37:20', '02:23:16', 'null', 0, 126, 135),
(892, '2023-01-04', 12, '2023-01-04 09:53:17', '2023-01-04 17:17:02', '05:37:21', 'null', 0, 1031, 129),
(893, '2023-01-04', 20, '2023-01-04 09:02:37', '2023-01-04 17:17:50', '07:03:41', 'null', 0, 339, 128),
(894, '2023-01-04', 31, '2023-01-04 09:09:39', '2023-01-04 17:29:04', '07:22:37', 'null', 0, 0, 134),
(895, '2023-01-04', 35, '2023-01-04 11:42:35', '2023-01-04 17:30:44', '04:21:56', 'null', 0, 0, 134),
(896, '2023-01-04', 22, '2023-01-04 17:09:34', '2023-01-04 19:53:27', '02:42:16', 'null', 0, 309, 122),
(897, '2023-01-05', 25, '2023-01-04 17:03:27', '2023-01-05 08:57:05', '15:53:40', 'null', 0, 0, 76),
(898, '2023-01-05', 40, '2023-01-05 09:10:19', '2023-01-05 10:25:46', '01:15:29', 'null', 0, 33, 135),
(899, '2023-01-05', 12, '2023-01-05 10:59:54', '2023-01-05 11:09:19', '00:09:26', 'null', 0, 725, 61),
(900, '2023-01-05', 40, '2023-01-05 11:15:18', '2023-01-05 11:39:14', '00:23:58', 'null', 0, 44, 105),
(901, '2023-01-05', 8, '2023-01-05 09:57:26', '2023-01-05 11:59:34', '01:08:55', 'null', 0, 131, 106),
(902, '2023-01-05', 22, '2023-01-05 13:45:12', '2023-01-05 13:45:42', '00:00:30', 'null', 0, 0, 122),
(903, '2023-01-05', 7, '2023-01-05 09:51:47', '2023-01-05 12:11:47', '02:07:36', 'null', 0, 296, 115),
(904, '2023-01-05', 36, '2023-01-05 09:26:51', '2023-01-05 12:03:51', '01:41:48', 'null', 0, 0, 95),
(905, '2023-01-05', 20, '2023-01-05 09:04:34', '2023-01-05 14:42:53', '04:34:13', 'null', 0, 215, 128),
(906, '2023-01-05', 40, '2023-01-05 13:04:25', '2023-01-05 14:53:00', '01:48:37', 'null', 0, 225, 105),
(907, '2023-01-05', 22, '2023-01-05 14:11:27', '2023-01-05 17:03:57', '02:04:12', 'null', 0, 216, 122),
(908, '2023-01-05', 40, '2023-01-05 15:40:31', '2023-01-05 16:55:28', '01:14:59', 'null', 0, 189, 105),
(909, '2023-01-05', 20, '2023-01-05 15:04:03', '2023-01-05 17:05:24', '01:48:55', 'null', 0, 93, 92),
(910, '2023-01-05', 12, '2023-01-05 13:07:22', '2023-01-05 17:14:03', '03:51:10', 'null', 0, 550, 132),
(911, '2023-01-05', 13, '2023-01-05 08:57:33', '2023-01-05 17:15:33', '06:59:24', 'null', 0, 725, 10),
(912, '2023-01-05', 9, '2023-01-05 10:30:06', '2023-01-05 18:16:13', '06:39:53', 'null', 0, 362, 130),
(913, '2023-01-05', 8, '2023-01-05 13:04:27', '2023-01-05 17:26:40', '03:40:55', 'null', 0, 415, 106),
(914, '2023-01-05', 7, '2023-01-05 13:24:52', '2023-01-05 17:28:07', '03:41:34', 'null', 0, 282, 115),
(915, '2023-01-05', 16, '2023-01-05 11:18:52', '2023-01-05 18:31:45', '04:46:44', 'null', 0, 438, 101),
(916, '2023-01-05', 18, '2023-01-05 10:27:05', '2023-01-05 18:33:27', '06:30:03', 'null', 0, 400, 113),
(917, '2023-01-05', 35, '2023-01-05 09:36:01', '2023-01-05 17:40:26', '06:14:19', 'null', 0, 0, 134),
(918, '2023-01-05', 14, '2023-01-05 09:52:22', '2023-01-05 17:36:19', '07:05:29', 'null', 0, 751, 24),
(919, '2023-01-05', 22, '2023-01-05 17:13:02', '2023-01-05 20:06:57', '02:14:39', 'null', 0, 934, 122),
(920, '2023-01-06', 9, '2023-01-06 09:32:46', '2023-01-06 10:16:07', '00:43:22', 'null', 0, 362, 61),
(921, '2023-01-06', 36, '2023-01-05 14:10:49', '2023-01-06 09:28:38', '19:17:50', 'null', 0, 404, 95),
(922, '2023-01-06', 16, '2023-01-06 10:01:13', '2023-01-06 10:37:56', '00:00:19', 'null', 0, 438, 101),
(923, '2023-01-06', 19, '2023-01-06 10:29:09', '2023-01-06 11:09:19', '00:40:12', 'null', 0, 118, 136),
(924, '2023-01-06', 18, '2023-01-06 10:06:50', '2023-01-06 11:10:03', '00:51:49', 'null', 0, 400, 61),
(925, '2023-01-06', 12, '2023-01-06 09:11:38', '2023-01-06 10:13:05', '01:01:28', 'null', 0, 150, 132),
(926, '2023-01-06', 7, '2023-01-06 09:02:36', '2023-01-06 11:18:30', '00:00:08', 'null', 0, 578, 115),
(927, '2023-01-06', 40, '2023-01-06 09:12:24', '2023-01-06 11:20:04', '02:07:42', 'null', 0, 201, 105),
(928, '2023-01-06', 13, '2023-01-06 09:26:26', '2023-01-06 11:25:06', '01:48:31', 'null', 0, 800, 61),
(929, '2023-01-06', 36, '2023-01-06 09:29:55', '2023-01-06 11:37:32', '02:07:39', 'null', 0, 100, 95),
(930, '2023-01-06', 12, '2023-01-06 10:23:33', '2023-01-06 13:12:46', '01:35:48', 'null', 0, 700, 61),
(931, '2023-01-06', 18, '2023-01-06 11:39:03', '2023-01-06 14:29:00', '02:32:43', 'null', 0, 66, 113),
(932, '2023-01-06', 19, '2023-01-06 14:51:12', '2023-01-06 15:10:11', '00:19:01', 'null', 0, 118, 61),
(933, '2023-01-06', 8, '2023-01-06 10:56:56', '2023-01-06 15:04:21', '02:13:12', 'null', 0, 270, 50),
(934, '2023-01-06', 16, '2023-01-06 10:38:21', '2023-01-06 16:55:14', '03:42:33', 'null', 0, 409, 133),
(935, '2023-01-06', 12, '2023-01-06 15:46:01', '2023-01-06 16:10:27', '00:24:27', 'null', 0, 200, 61),
(936, '2023-01-06', 20, '2023-01-06 10:25:52', '2023-01-06 16:11:38', '04:32:51', 'null', 0, 263, 92),
(937, '2023-01-06', 7, '2023-01-06 11:30:10', '2023-01-06 16:12:58', '02:29:25', 'null', 0, 270, 54),
(938, '2023-01-06', 28, '2023-01-06 14:51:00', '2023-01-06 17:25:13', '02:17:49', 'null', 0, 1061, 61),
(939, '2023-01-06', 13, '2023-01-06 11:52:48', '2023-01-06 16:46:30', '03:36:56', 'null', 0, 350, 91),
(940, '2023-01-06', 9, '2023-01-06 10:33:42', '2023-01-06 18:29:25', '05:10:22', 'null', 0, 346, 130),
(941, '2023-01-10', 1, '2023-01-10 15:11:34', '2023-01-10 15:17:48', '00:02:38', 'null', 0, 159, 8),
(942, '2023-01-10', 1, '2023-01-10 15:11:34', '2023-01-10 15:17:48', '00:02:38', 'null', 0, 159, 8),
(943, '2023-01-11', 13, '2023-01-11 08:55:01', '2023-01-11 11:15:14', '02:20:14', 'null', 0, 0, 61),
(944, '2023-01-11', 22, '2023-01-11 08:26:21', '2023-01-11 11:41:45', '02:33:03', 'null', 0, 270, 132),
(945, '2023-01-11', 23, '2023-01-11 08:57:01', '2023-01-11 11:55:12', '02:58:12', 'null', 0, 1195, 61),
(946, '2023-01-11', 40, '2023-01-11 16:12:43', '2023-01-11 17:49:23', '01:36:41', 'null', 0, 277, 138),
(947, '2023-01-11', 19, '2023-01-11 09:14:01', '2023-01-11 17:04:35', '06:46:37', 'null', 0, 484, 141),
(948, '2023-01-11', 24, '2023-01-11 10:32:53', '2023-01-11 18:19:15', '06:49:21', 'null', 0, 400, 143),
(949, '2023-01-11', 39, '2023-01-11 10:09:06', '2023-01-11 18:22:16', '07:06:59', 'null', 0, 600, 142),
(950, '2023-01-11', 25, '2023-01-11 13:53:49', '2023-01-11 17:30:27', '03:36:40', 'null', 0, 300, 100),
(951, '2023-01-11', 23, '2023-01-11 13:04:02', '2023-01-11 17:30:37', '03:53:33', 'null', 0, 834, 139),
(952, '2023-01-11', 36, '2023-01-11 09:38:25', '2023-01-11 17:30:40', '06:51:46', 'null', 0, 376, 140),
(953, '2023-01-11', 22, '2023-01-11 11:53:51', '2023-01-11 18:57:54', '06:16:39', 'null', 0, 537, 10),
(954, '2023-01-12', 17, '2023-01-12 07:56:12', '2023-01-12 09:01:44', '01:05:33', 'null', 0, 394, 61),
(955, '2023-01-12', 13, '2023-01-11 11:18:12', '2023-01-12 08:57:32', '20:54:06', 'null', 0, 0, 111),
(956, '2023-01-12', 31, '2023-01-11 09:08:12', '2023-01-12 09:01:39', '22:50:16', 'null', 0, 0, 58),
(957, '2023-01-12', 40, '2023-01-12 10:09:19', '2023-01-12 11:41:36', '01:32:18', 'null', 0, 225, 138),
(958, '2023-01-12', 23, '2023-01-12 09:02:03', '2023-01-12 10:48:20', '00:00:23', 'null', 0, 0, 139),
(959, '2023-01-12', 22, '2023-01-12 09:02:12', '2023-01-12 10:49:02', '01:07:31', 'null', 0, 537, 10),
(960, '2023-01-12', 39, '2023-01-12 10:02:24', '2023-01-12 11:57:04', '00:00:20', 'null', 0, 0, 142),
(961, '2023-01-12', 13, '2023-01-12 08:58:05', '2023-01-12 11:05:34', '01:59:07', 'null', 0, 80, 135),
(962, '2023-01-12', 4, '2023-01-12 10:10:36', '2023-01-12 15:33:31', '02:37:31', 'null', 0, 267, 32),
(963, '2023-01-12', 19, '2023-01-12 09:02:23', '2023-01-12 14:44:47', '04:13:20', 'null', 0, 289, 141),
(964, '2023-01-12', 22, '2023-01-12 10:56:18', '2023-01-12 14:53:52', '02:54:37', 'null', 0, 265, 10),
(965, '2023-01-12', 39, '2023-01-12 12:05:22', '2023-01-12 15:54:57', '01:58:27', 'null', 0, 271, 25),
(966, '2023-01-12', 13, '2023-01-12 11:17:29', '2023-01-12 15:19:30', '01:26:34', 'null', 0, 318, 35),
(967, '2023-01-12', 19, '2023-01-12 14:46:43', '2023-01-12 15:26:29', '00:39:48', 'null', 0, 373, 61),
(968, '2023-01-12', 4, '2023-01-12 15:39:26', '2023-01-12 16:32:10', '00:46:57', 'null', 0, 222, 61),
(969, '2023-01-12', 8, '2023-01-12 08:53:20', '2023-01-12 15:33:54', '03:49:29', 'null', 0, 333, 122),
(970, '2023-01-12', 40, '2023-01-12 15:21:03', '2023-01-12 17:06:38', '01:45:37', 'null', 0, 298, 50),
(971, '2023-01-12', 23, '2023-01-12 10:59:59', '2023-01-12 16:21:46', '03:05:53', 'null', 0, 276, 15),
(972, '2023-01-12', 14, '2023-01-12 09:32:47', '2023-01-12 16:25:10', '05:29:41', 'null', 0, 328, 47),
(973, '2023-01-12', 17, '2023-01-12 11:04:22', '2023-01-12 18:09:40', '05:57:24', 'null', 0, 270, 128),
(974, '2023-01-12', 9, '2023-01-12 08:46:59', '2023-01-12 17:10:49', '07:25:31', 'null', 0, 624, 105),
(975, '2023-01-12', 39, '2023-01-12 15:58:22', '2023-01-12 18:21:08', '02:22:48', 'null', 0, 154, 101),
(976, '2023-01-12', 18, '2023-01-12 09:14:40', '2023-01-12 17:22:14', '05:58:42', 'null', 0, 520, 130),
(977, '2023-01-12', 36, '2023-01-12 09:01:04', '2023-01-12 17:24:09', '06:49:25', 'null', 0, 424, 140),
(978, '2023-01-12', 19, '2023-01-12 16:09:57', '2023-01-12 17:27:05', '01:17:09', 'null', 0, 155, 133),
(979, '2023-01-12', 13, '2023-01-12 15:24:05', '2023-01-12 17:30:00', '02:05:57', 'null', 0, 170, 16),
(980, '2023-01-12', 30, '2023-01-12 10:00:04', '2023-01-12 18:30:02', '07:33:27', 'null', 0, 550, 136),
(981, '2023-01-12', 23, '2023-01-12 16:28:30', '2023-01-12 17:31:23', '01:02:54', 'null', 0, 189, 54),
(982, '2023-01-12', 14, '2023-01-12 16:28:40', '2023-01-12 17:37:08', '00:50:13', 'null', 0, 328, 61),
(983, '2023-01-12', 22, '2023-01-12 15:05:56', '2023-01-12 18:59:20', '02:11:32', 'null', 0, 253, 27),
(984, '2023-01-13', 9, '2023-01-13 10:05:06', '2023-01-13 10:05:09', '00:00:05', 'null', 0, 624, 61),
(985, '2023-01-13', 23, '2023-01-13 08:58:17', '2023-01-13 10:11:55', '00:28:09', 'null', 0, 84, 54),
(986, '2023-01-13', 19, '2023-01-13 09:06:16', '2023-01-13 11:27:51', '01:39:43', 'null', 0, 146, 133),
(987, '2023-01-13', 25, '2023-01-12 13:48:36', '2023-01-13 13:05:31', '02:27:30', 'null', 0, 0, 138),
(988, '2023-01-13', 28, '2023-01-13 10:20:40', '2023-01-13 14:37:48', '03:15:46', 'null', 0, 257, 101),
(989, '2023-01-13', 23, '2023-01-13 10:33:11', '2023-01-13 13:46:09', '01:38:03', 'null', 0, 151, 128),
(990, '2023-01-13', 30, '2023-01-13 09:59:10', '2023-01-13 14:52:59', '03:40:14', 'null', 0, 550, 136),
(991, '2023-01-13', 40, '2023-01-13 12:07:33', '2023-01-13 15:10:33', '01:53:02', 'null', 0, 257, 76),
(992, '2023-01-13', 28, '2023-01-13 14:44:05', '2023-01-13 15:37:00', '00:52:57', 'null', 0, 411, 61),
(993, '2023-01-13', 13, '2023-01-13 09:02:37', '2023-01-13 14:51:41', '03:26:22', 'null', 0, 258, 16),
(994, '2023-01-13', 16, '2023-01-13 10:11:34', '2023-01-13 16:16:49', '03:51:42', 'null', 0, 277, 84),
(995, '2023-01-13', 24, '2023-01-13 09:07:44', '2023-01-13 15:35:31', '06:09:46', 'null', 0, 309, 9),
(996, '2023-01-13', 36, '2023-01-13 15:36:11', '2023-01-13 15:40:36', '00:04:27', 'null', 0, 0, 70),
(997, '2023-01-13', 9, '2023-01-13 10:33:02', '2023-01-13 17:09:22', '04:50:19', 'null', 0, 267, 22),
(998, '2023-01-13', 16, '2023-01-13 16:25:17', '2023-01-13 18:17:21', '01:52:05', 'null', 0, 82, 143),
(999, '2023-01-13', 4, '2023-01-13 12:55:46', '2023-01-13 17:26:49', '03:19:57', 'null', 0, 326, 135),
(1000, '2023-01-16', 13, '2023-01-16 09:06:00', '2023-01-16 13:05:15', '02:34:15', 'null', 0, 329, 49),
(1001, '2023-01-16', 39, '2023-01-16 10:52:36', '2023-01-16 14:43:42', '02:42:33', 'null', 0, 440, 70),
(1002, '2023-01-16', 28, '2023-01-16 14:40:53', '2023-01-16 18:04:01', '03:23:10', 'null', 0, 288, 130),
(1003, '2023-01-16', 23, '2023-01-16 13:13:31', '2023-01-16 17:15:28', '03:57:50', 'null', 0, 877, 139),
(1004, '2023-01-16', 13, '2023-01-16 13:44:08', '2023-01-16 17:19:52', '03:35:46', 'null', 0, 261, 22),
(1005, '2023-01-16', 39, '2023-01-16 18:28:30', '2023-01-16 18:28:33', '00:00:05', 'null', 0, 234, 143),
(1006, '2023-01-16', 27, '2023-01-16 18:57:48', '2023-01-16 20:13:38', '01:15:51', 'null', 0, 800, 66),
(1007, '2023-01-17', 23, '2023-01-17 08:59:16', '2023-01-17 10:52:50', '01:53:35', 'null', 0, 877, 61),
(1008, '2023-01-17', 28, '2023-01-17 10:05:10', '2023-01-17 12:49:18', '02:44:09', 'null', 0, 220, 130),
(1009, '2023-01-17', 28, '2023-01-17 12:54:54', '2023-01-17 15:05:46', '01:10:25', 'null', 0, 508, 61),
(1010, '2023-01-17', 23, '2023-01-17 10:57:48', '2023-01-17 14:58:42', '02:58:28', 'null', 0, 279, 140),
(1011, '2023-01-17', 39, '2023-01-17 10:06:07', '2023-01-17 17:19:24', '04:11:04', 'null', 0, 240, 143),
(1012, '2023-01-17', 28, '2023-01-17 15:13:13', '2023-01-17 18:14:39', '02:57:31', 'null', 0, 224, 18),
(1013, '2023-01-17', 13, '2023-01-17 14:59:55', '2023-01-17 18:28:45', '03:28:51', 'null', 0, 505, 71),
(1014, '2023-01-17', 22, '2023-01-17 12:01:40', '2023-01-17 19:11:19', '05:13:59', 'null', 0, 600, 132),
(1015, '2023-01-18', 14, '2023-01-17 17:37:00', '2023-01-18 10:03:01', '16:26:02', 'null', 0, 0, 64),
(1016, '2023-01-18', 13, '2023-01-18 09:51:35', '2023-01-18 11:59:31', '00:23:57', 'null', 0, 800, 22),
(1017, '2023-01-18', 22, '2023-01-18 08:36:19', '2023-01-18 13:36:11', '04:10:42', 'null', 0, 437, 132),
(1018, '2023-01-18', 27, '2023-01-18 09:04:38', '2023-01-18 14:15:48', '03:53:40', 'null', 0, 258, 35),
(1019, '2023-01-18', 24, '2023-01-18 09:09:47', '2023-01-18 15:16:06', '04:27:54', 'null', 0, 264, 140),
(1020, '2023-01-18', 39, '2023-01-18 09:15:50', '2023-01-18 16:32:36', '05:20:38', 'null', 0, 400, 8),
(1021, '2023-01-18', 19, '2023-01-18 09:10:39', '2023-01-18 16:47:50', '05:49:18', 'null', 0, 345, 135),
(1022, '2023-01-18', 39, '2023-01-18 16:50:15', '2023-01-18 17:14:31', '00:24:17', 'null', 0, 33, 14),
(1023, '2023-01-18', 13, '2023-01-18 12:02:28', '2023-01-18 18:14:50', '05:11:05', 'null', 0, 400, 8),
(1024, '2023-01-18', 23, '2023-01-18 13:18:41', '2023-01-18 17:18:27', '03:59:48', 'null', 0, 300, 8),
(1025, '2023-01-18', 8, '2023-01-18 09:02:37', '2023-01-18 17:23:38', '06:20:58', 'null', 0, 410, 8),
(1026, '2023-01-18', 9, '2023-01-18 08:36:03', '2023-01-18 17:30:03', '07:26:44', 'null', 0, 348, 111),
(1027, '2023-01-18', 30, '2023-01-18 08:51:46', '2023-01-18 17:30:14', '07:46:12', 'null', 0, 413, 105),
(1028, '2023-01-18', 27, '2023-01-18 14:30:00', '2023-01-18 19:07:32', '04:25:35', 'null', 0, 298, 133),
(1029, '2023-01-18', 14, '2023-01-18 10:07:13', '2023-01-18 20:27:56', '08:29:01', 'null', 0, 358, 18),
(1030, '2023-01-19', 36, '2023-01-18 10:15:26', '2023-01-19 10:08:33', '21:52:17', 'null', 0, 336, 128),
(1031, '2023-01-19', 9, '2023-01-19 08:43:54', '2023-01-19 09:12:51', '00:28:58', 'null', 0, 243, 61),
(1032, '2023-01-19', 8, '2023-01-19 09:10:56', '2023-01-19 09:30:16', '00:19:22', 'null', 0, 0, 8),
(1033, '2023-01-19', 13, '2023-01-19 10:00:44', '2023-01-19 11:09:36', '01:08:54', 'null', 0, 400, 61),
(1034, '2023-01-19', 36, '2023-01-19 10:09:00', '2023-01-19 11:33:53', '01:24:55', 'null', 0, 78, 128),
(1035, '2023-01-19', 23, '2023-01-19 09:02:11', '2023-01-19 11:30:56', '01:31:21', 'null', 0, 100, 8),
(1036, '2023-01-19', 14, '2023-01-19 10:09:15', '2023-01-19 12:43:47', '01:49:44', 'null', 0, 582, 61),
(1037, '2023-01-19', 39, '2023-01-19 09:03:31', '2023-01-19 11:59:08', '02:55:39', 'null', 0, 265, 26),
(1038, '2023-01-19', 40, '2023-01-19 10:01:08', '2023-01-19 11:30:52', '01:29:45', 'null', 0, 264, 138),
(1039, '2023-01-19', 27, '2023-01-19 09:11:31', '2023-01-19 13:55:47', '03:29:21', 'null', 0, 267, 25),
(1040, '2023-01-19', 30, '2023-01-19 08:50:40', '2023-01-19 14:11:49', '02:56:02', 'null', 0, 93, 105),
(1041, '2023-01-19', 40, '2023-01-19 13:29:04', '2023-01-19 15:49:44', '02:19:30', 'null', 0, 322, 138),
(1042, '2023-01-19', 12, '2023-01-19 10:10:36', '2023-01-19 17:13:26', '05:55:48', 'null', 0, 475, 145),
(1043, '2023-01-19', 13, '2023-01-19 11:19:32', '2023-01-19 17:14:56', '04:50:05', 'null', 0, 335, 47),
(1044, '2023-01-19', 9, '2023-01-19 09:36:25', '2023-01-19 16:29:48', '04:11:58', 'null', 0, 508, 136),
(1045, '2023-01-19', 4, '2023-01-19 09:24:29', '2023-01-19 17:08:37', '06:31:52', 'null', 0, 433, 109),
(1046, '2023-01-19', 23, '2023-01-19 11:46:00', '2023-01-19 17:08:52', '04:08:11', 'null', 0, 417, 101),
(1047, '2023-01-19', 16, '2023-01-19 09:12:27', '2023-01-19 17:12:37', '06:50:53', 'null', 0, 589, 144),
(1048, '2023-01-19', 14, '2023-01-19 14:03:18', '2023-01-19 18:22:50', '03:17:58', 'null', 0, 312, 54),
(1049, '2023-01-19', 39, '2023-01-19 13:04:13', '2023-01-19 17:23:11', '03:47:29', 'null', 0, 220, 148),
(1050, '2023-01-19', 30, '2023-01-19 14:12:39', '2023-01-19 17:28:21', '03:06:23', 'null', 0, 149, 122),
(1051, '2023-01-19', 36, '2023-01-19 15:48:11', '2023-01-19 18:30:39', '02:42:30', 'null', 0, 166, 148),
(1052, '2023-01-19', 14, '2023-01-19 18:48:45', '2023-01-19 18:48:46', '00:00:03', 'null', 0, 0, 145),
(1053, '2023-01-19', 27, '2023-01-19 14:19:46', '2023-01-19 17:55:34', '03:35:50', 'null', 0, 254, 17),
(1054, '2023-01-19', 22, '2023-01-19 08:42:27', '2023-01-19 18:56:53', '07:42:07', 'null', 0, 678, 10),
(1055, '2023-01-20', 9, '2023-01-19 17:43:12', '2023-01-20 10:37:15', '16:54:05', 'null', 0, 400, 61),
(1056, '2023-01-20', 23, '2023-01-20 09:01:41', '2023-01-20 10:10:59', '00:57:54', 'null', 0, 0, 61),
(1057, '2023-01-20', 28, '2023-01-20 10:06:50', '2023-01-20 12:38:20', '02:15:45', 'null', 0, 949, 61),
(1058, '2023-01-20', 40, '2023-01-20 09:12:28', '2023-01-20 11:56:18', '02:32:37', 'null', 0, 424, 147),
(1059, '2023-01-20', 4, '2023-01-20 09:21:25', '2023-01-20 13:27:01', '02:55:25', 'null', 0, 197, 109),
(1060, '2023-01-20', 30, '2023-01-20 08:50:23', '2023-01-20 13:31:12', '02:46:09', 'null', 0, 104, 122),
(1061, '2023-01-20', 36, '2023-01-20 10:12:20', '2023-01-20 14:31:34', '02:48:41', 'null', 0, 160, 148),
(1062, '2023-01-20', 16, '2023-01-20 09:00:49', '2023-01-20 13:44:44', '03:14:56', 'null', 0, 268, 144),
(1063, '2023-01-20', 4, '2023-01-20 13:39:23', '2023-01-20 14:14:41', '00:35:20', 'null', 0, 197, 61),
(1064, '2023-01-20', 23, '2023-01-20 10:23:46', '2023-01-20 14:22:35', '02:35:13', 'null', 0, 180, 144),
(1065, '2023-01-20', 30, '2023-01-20 13:47:07', '2023-01-20 14:48:34', '00:54:39', 'null', 0, 51, 146),
(1066, '2023-01-20', 24, '2023-01-20 10:09:10', '2023-01-20 16:25:13', '05:16:32', 'null', 0, 252, 147),
(1067, '2023-01-20', 28, '2023-01-20 14:49:40', '2023-01-20 16:33:03', '01:24:29', 'null', 0, 110, 148),
(1068, '2023-01-20', 4, '2023-01-20 14:21:57', '2023-01-20 15:47:58', '01:26:03', 'null', 0, 433, 61),
(1069, '2023-01-20', 23, '2023-01-20 14:31:41', '2023-01-20 15:55:54', '00:36:38', 'null', 0, 0, 61),
(1070, '2023-01-20', 12, '2023-01-20 10:37:57', '2023-01-20 17:07:18', '04:44:09', 'null', 0, 409, 145),
(1071, '2023-01-20', 16, '2023-01-20 13:54:22', '2023-01-20 16:16:46', '00:00:09', 'null', 0, 0, 144),
(1072, '2023-01-20', 8, '2023-01-20 10:16:21', '2023-01-20 17:25:14', '03:37:43', 'null', 0, 352, 10),
(1073, '2023-01-20', 19, '2023-01-20 15:34:04', '2023-01-20 16:34:19', '00:48', 'null', 0, 75, 96),
(1074, '2023-01-20', 18, '2023-01-20 14:30:15', '2023-01-20 18:00:04', '03:29:51', 'null', 0, 284, 32),
(1075, '2023-01-20', 30, '2023-01-20 15:32:20', '2023-01-20 17:17:38', '01:45:20', 'null', 0, 91, 70),
(1076, '2023-01-23', 36, '2023-01-23 10:22:28', '2023-01-23 12:59:09', '01:52:14', 'null', 0, 347, 70),
(1077, '2023-01-23', 39, '2023-01-23 09:13:03', '2023-01-23 13:44:21', '02:43:27', 'null', 0, 332, 70),
(1078, '2023-01-23', 23, '2023-01-23 10:17:02', '2023-01-23 15:02:29', '02:43:44', 'null', 0, 403, 70),
(1079, '2023-01-23', 39, '2023-01-23 13:57:17', '2023-01-23 17:16:13', '03:18:58', 'null', 0, 475, 139),
(1080, '2023-01-23', 36, '2023-01-23 15:52:42', '2023-01-23 18:34:38', '02:11:22', 'null', 0, 100, 148),
(1081, '2023-01-23', 23, '2023-01-23 15:12:41', '2023-01-23 18:36:27', '03:13:52', 'null', 0, 244, 18),
(1082, '2023-01-24', 39, '2023-01-24 09:08:00', '2023-01-24 14:27:17', '02:51:36', 'null', 0, 289, 139),
(1083, '2023-01-24', 23, '2023-01-24 10:05:18', '2023-01-24 16:43:25', '04:08:26', 'null', 0, 297, 18),
(1084, '2023-01-24', 28, '2023-01-24 10:12:44', '2023-01-24 17:31:17', '06:18:09', 'null', 0, 390, 135),
(1085, '2023-01-24', 36, '2023-01-24 10:13:33', '2023-01-24 17:48:33', '05:13:04', 'null', 0, 447, 148),
(1086, '2023-01-24', 13, '2023-01-24 10:17:54', '2023-01-24 17:58:56', '04:51:11', 'null', 0, 412, 131),
(1087, '2023-01-24', 39, '2023-01-24 14:38:49', '2023-01-24 17:08:28', '02:29:40', 'null', 0, 150, 91),
(1088, '2023-01-24', 23, '2023-01-24 16:59:52', '2023-01-24 18:17:30', '01:17:39', 'null', 0, 108, 130),
(1089, '2023-01-24', 28, '2023-01-24 17:35:52', '2023-01-24 18:24:47', '00:48:56', 'null', 0, 390, 61),
(1090, '2023-01-25', 40, '2023-01-25 10:10:01', '2023-01-25 12:46:39', '02:36:40', 'null', 0, 402, 136),
(1091, '2023-01-25', 23, '2023-01-25 09:58:27', '2023-01-25 14:17:45', '03:19:10', 'null', 0, 235, 130),
(1092, '2023-01-25', 12, '2023-01-25 12:30:19', '2023-01-25 17:46:42', '04:05:26', 'null', 0, 400, 145),
(1093, '2023-01-25', 36, '2023-01-25 10:05:30', '2023-01-25 17:47:03', '01:51:22', 'null', 0, 208, 148),
(1094, '2023-01-25', 16, '2023-01-25 12:24:45', '2023-01-25 17:59:18', '04:35:12', 'null', 0, 430, 112),
(1095, '2023-01-25', 9, '2023-01-25 09:02:31', '2023-01-25 17:03:20', '05:31:59', 'null', 0, 476, 138),
(1096, '2023-01-25', 4, '2023-01-25 11:25:39', '2023-01-25 17:05:13', '04:25:55', 'null', 0, 350, 132),
(1097, '2023-01-25', 40, '2023-01-25 15:33:43', '2023-01-25 18:03:13', '02:29:32', 'null', 0, 216, 95),
(1098, '2023-01-25', 23, '2023-01-25 14:44:12', '2023-01-25 18:15:01', '03:14:14', 'null', 0, 184, 143),
(1099, '2023-01-25', 39, '2023-01-25 08:55:13', '2023-01-25 18:06:51', '06:46:11', 'null', 0, 435, 91),
(1100, '2023-01-25', 13, '2023-01-25 11:56:07', '2023-01-25 19:56:45', '06:27:53', 'null', 0, 750, 10),
(1101, '2023-01-26', 22, '2023-01-25 17:36:34', '2023-01-25 19:20:50', '01:44:18', 'null', 0, 202, 35),
(1102, '2023-01-26', 8, '2023-01-25 11:36:17', '2023-01-26 08:56:11', '20:13:21', 'null', 0, 0, 145),
(1103, '2023-01-26', 39, '2023-01-26 09:10:45', '2023-01-26 09:17:33', '00:00:06', 'null', 0, 0, 91),
(1104, '2023-01-26', 8, '2023-01-26 09:45:35', '2023-01-26 10:02:08', '00:03:30', 'null', 0, 400, 145),
(1105, '2023-01-26', 40, '2023-01-26 10:07:32', '2023-01-26 11:06:38', '00:59:07', 'null', 0, 91, 95),
(1106, '2023-01-26', 12, '2023-01-26 10:08:51', '2023-01-26 11:14:28', '00:00:08', 'null', 0, 400, 145),
(1107, '2023-01-26', 12, '2023-01-26 11:28:25', '2023-01-26 11:29:26', '00:00:54', 'null', 0, 400, 41),
(1108, '2023-01-26', 12, '2023-01-26 11:29:59', '2023-01-26 11:30:38', '00:00:41', 'null', 0, 70866, 41),
(1109, '2023-01-26', 16, '2023-01-26 09:58:47', '2023-01-26 14:21:16', '03:02:09', 'null', 0, 136, 112),
(1110, '2023-01-26', 39, '2023-01-26 09:33:09', '2023-01-26 13:43:52', '02:51:03', 'null', 0, 273, 10),
(1111, '2023-01-26', 22, '2023-01-26 08:48:59', '2023-01-26 14:48:53', '05:00:50', 'null', 0, 400, 35),
(1112, '2023-01-26', 36, '2023-01-26 10:08:44', '2023-01-26 16:40:02', '04:22:44', 'null', 0, 313, 26),
(1113, '2023-01-26', 23, '2023-01-26 10:03:40', '2023-01-26 16:55:44', '04:15:51', 'null', 0, 186, 143),
(1114, '2023-01-26', 40, '2023-01-26 15:11:16', '2023-01-26 17:59:38', '02:48:23', 'null', 0, 171, 152),
(1115, '2023-01-26', 39, '2023-01-26 14:11:16', '2023-01-26 16:59:09', '02:47:54', 'null', 0, 171, 152),
(1116, '2023-01-26', 8, '2023-01-26 13:29:41', '2023-01-26 17:08:56', '03:39:17', 'null', 0, 404, 151),
(1117, '2023-01-26', 36, '2023-01-26 16:40:31', '2023-01-26 18:10:24', '00:36:38', 'null', 0, 313, 26),
(1118, '2023-01-26', 18, '2023-01-26 09:23:04', '2023-01-26 17:16:36', '06:41:25', 'null', 0, 450, 151),
(1119, '2023-01-26', 12, '2023-01-26 11:40:54', '2023-01-26 18:18:14', '04:32:18', 'null', 0, 1000, 153),
(1120, '2023-01-26', 23, '2023-01-26 17:31:49', '2023-01-26 18:21:26', '00:49:39', 'null', 0, 65, 101),
(1121, '2023-01-26', 16, '2023-01-26 14:22:28', '2023-01-26 18:22:11', '03:55:40', 'null', 0, 290, 155),
(1122, '2023-01-26', 9, '2023-01-26 08:41:51', '2023-01-26 17:27:23', '06:13:22', 'null', 0, 611, 0),
(1123, '2023-01-26', 22, '2023-01-26 14:55:44', '2023-01-26 19:23:01', '03:22:08', 'null', 0, 251, 155),
(1124, '2023-01-27', 12, '2023-01-27 10:30:53', '2023-01-27 11:53:26', '01:16:52', 'null', 0, 510, 61),
(1125, '2023-01-27', 18, '2023-01-27 09:12:39', '2023-01-27 11:35:41', '02:18:55', 'null', 0, 146, 151),
(1126, '2023-01-27', 18, '2023-01-27 11:59:24', '2023-01-27 13:14:44', '00:13:18', 'null', 0, 0, 61),
(1127, '2023-01-27', 12, '2023-01-27 12:29:15', '2023-01-27 16:52:36', '04:23:23', 'null', 0, 228, 152),
(1128, '2023-01-27', 23, '2023-01-27 10:01:35', '2023-01-27 16:59:21', '04:54:49', 'null', 0, 287, 101),
(1129, '2023-01-27', 28, '2023-01-27 09:11:13', '2023-01-27 16:04:35', '04:49:51', 'null', 0, 400, 144),
(1130, '2023-01-27', 16, '2023-01-27 12:14:50', '2023-01-27 17:19:33', '04:02:05', 'null', 0, 399, 152),
(1131, '2023-01-27', 24, '2023-01-27 09:13:03', '2023-01-27 16:36:57', '05:58:46', 'null', 0, 321, 154),
(1132, '2023-01-27', 18, '2023-01-27 13:15:05', '2023-01-27 16:38:56', '03:23:52', 'null', 0, 144, 111),
(1133, '2023-01-27', 9, '2023-01-27 08:52:20', '2023-01-27 17:05:21', '07:13:54', 'null', 0, 394, 155),
(1134, '2023-01-27', 36, '2023-01-27 10:22:16', '2023-01-27 18:22:50', '05:33:23', 'null', 0, 402, 144),
(1135, '2023-01-30', 13, '2023-01-30 09:09:42', '2023-01-30 13:48:58', '03:23:29', 'null', 0, 412, 70),
(1136, '2023-01-30', 39, '2023-01-30 09:08:47', '2023-01-30 13:49:10', '03:19:30', 'null', 0, 402, 70),
(1137, '2023-01-30', 28, '2023-01-30 10:09:12', '2023-01-30 16:38:28', '05:25:01', 'null', 0, 721, 150),
(1138, '2023-01-30', 23, '2023-01-30 10:12:58', '2023-01-30 18:24:32', '05:16:37', 'null', 0, 739, 150),
(1139, '2023-01-30', 28, '2023-01-30 16:45:43', '2023-01-30 18:24:53', '01:39:11', 'null', 0, 721, 61),
(1140, '2023-01-30', 13, '2023-01-30 13:57:55', '2023-01-30 17:27:34', '03:29:40', 'null', 0, 572, 153),
(1141, '2023-01-30', 39, '2023-01-30 13:55:25', '2023-01-30 17:27:33', '03:32:09', 'null', 0, 530, 153),
(1142, '2023-01-30', 36, '2023-01-30 10:52:43', '2023-01-30 18:28:48', '05:18:02', 'null', 0, 178, 156),
(1143, '2023-01-30', 36, '2023-01-30 10:52:43', '2023-01-30 18:28:48', '05:18:02', 'null', 0, 178, 156),
(1144, '2023-01-31', 30, '2023-01-31 10:30:24', '2023-01-31 12:55:38', '01:45:05', 'null', 0, 44, 156),
(1145, '2023-01-31', 28, '2023-01-31 10:12:40', '2023-01-31 12:58:31', '02:16:57', 'null', 0, 280, 132),
(1146, '2023-01-31', 4, '2023-01-31 10:50:42', '2023-01-31 13:11:49', '01:46:35', 'null', 0, 72, 156),
(1147, '2023-02-01', 1, '2023-02-01 21:47:18', '2023-02-01 21:50:43', '00:03:26', 'null', 0, 50, 100),
(1148, '2023-02-01', 1, '2023-02-01 21:53:24', '2023-02-01 21:56:03', '00:02:40', 'null', 0, 50, 9),
(1149, '2023-02-02', 16, '2023-02-02 09:31:34', '2023-02-02 09:41:45', '00:10:12', 'null', 0, 0, 63),
(1150, '2023-02-02', 36, '2023-02-02 10:20:24', '2023-02-02 10:51:44', '00:31:21', 'null', 0, 49, 158),
(1151, '2023-02-02', 14, '2023-02-02 09:34:50', '2023-02-02 10:39:03', '01:04:14', 'null', 0, 117, 103),
(1152, '2023-02-02', 40, '2023-02-02 10:26:25', '2023-02-02 11:47:01', '01:20:38', 'null', 0, 114, 155),
(1153, '2023-02-02', 14, '2023-02-02 10:42:50', '2023-02-02 11:09:27', '00:21:02', 'null', 0, 117, 61),
(1154, '2023-02-02', 16, '2023-02-02 09:46:25', '2023-02-02 11:40:53', '01:54:29', 'null', 0, 207, 157),
(1155, '2023-02-02', 36, '2023-02-02 12:03:14', '2023-02-02 13:00:13', '00:55:57', 'null', 0, 261, 132),
(1156, '2023-02-02', 23, '2023-02-02 10:17:34', '2023-02-02 13:21:58', '03:04:26', 'null', 0, 186, 156),
(1157, '2023-02-02', 36, '2023-02-02 14:32:14', '2023-02-02 14:32:32', '00:00:07', 'null', 0, 0, 132),
(1158, '2023-02-02', 27, '2023-02-02 09:59:57', '2023-02-02 13:42:16', '02:26:30', 'null', 0, 129, 132),
(1159, '2023-02-02', 13, '2023-02-02 09:12:07', '2023-02-02 14:21:09', '02:48:22', 'null', 0, 1200, 153),
(1160, '2023-02-02', 4, '2023-02-02 09:40:41', '2023-02-02 15:30:53', '04:32:29', 'null', 0, 300, 32),
(1161, '2023-02-02', 13, '2023-02-02 14:24:37', '2023-02-02 16:19:52', '01:55:16', 'null', 0, 168, 153),
(1162, '2023-02-02', 4, '2023-02-02 15:43:41', '2023-02-02 16:38:32', '00:54:52', 'null', 0, 300, 61),
(1163, '2023-02-02', 16, '2023-02-02 13:48:58', '2023-02-02 17:01:31', '03:12:35', 'null', 0, 258, 10),
(1164, '2023-02-02', 12, '2023-02-02 12:07:46', '2023-02-02 17:12:27', '04:28:38', 'null', 0, 324, 156),
(1165, '2023-02-02', 14, '2023-02-02 11:20:37', '2023-02-02 17:17:57', '05:47:59', 'null', 0, 450, 146),
(1166, '2023-02-02', 36, '2023-02-02 15:51:10', '2023-02-02 18:22:24', '01:55:45', 'null', 0, 280, 24),
(1167, '2023-02-02', 13, '2023-02-02 16:40:23', '2023-02-02 17:24:53', '00:44:32', 'null', 0, 93, 138),
(1168, '2023-02-02', 18, '2023-02-02 09:28:31', '2023-02-02 17:26:47', '06:57:04', 'null', 0, 230, 18),
(1169, '2023-02-02', 30, '2023-02-02 09:22:50', '2023-02-02 17:27:23', '04:01:46', 'null', 0, 381, 157),
(1170, '2023-02-02', 42, '2023-02-02 13:01:21', '2023-02-02 18:28:44', '04:18:19', 'null', 0, 263, 103),
(1171, '2023-02-02', 27, '2023-02-02 13:51:46', '2023-02-02 18:38:04', '04:33:16', 'null', 0, 373, 161),
(1172, '2023-02-03', 18, '2023-02-03 09:32:30', '2023-02-03 10:08:48', '00:36:19', 'null', 0, 224, 61),
(1173, '2023-02-03', 30, '2023-02-03 09:52:17', '2023-02-03 10:18:30', '00:26:15', 'null', 0, 40, 157),
(1174, '2023-02-03', 24, '2023-02-03 09:24:01', '2023-02-03 10:25:44', '00:54:22', 'null', 0, 59, 156),
(1175, '2023-02-03', 36, '2023-02-03 10:00:40', '2023-02-03 11:42:31', '00:19:01', 'null', 0, 40, 136),
(1176, '2023-02-03', 14, '2023-02-03 09:08:47', '2023-02-03 10:53:35', '01:44:50', 'null', 0, 166, 146),
(1177, '2023-02-03', 9, '2023-02-03 09:18:27', '2023-02-03 11:38:50', '01:36:44', 'null', 0, 258, 122),
(1178, '2023-02-03', 42, '2023-02-03 11:14:29', '2023-02-03 13:52:26', '02:35:24', 'null', 0, 184, 138),
(1179, '2023-02-03', 9, '2023-02-03 11:51:38', '2023-02-03 13:29:09', '00:32:15', 'null', 0, 28, 157),
(1180, '2023-02-03', 40, '2023-02-03 10:08:32', '2023-02-03 14:31:10', '03:14:39', 'null', 0, 294, 151),
(1181, '2023-02-03', 14, '2023-02-03 10:54:45', '2023-02-03 14:04:27', '01:33:14', 'null', 0, 166, 61),
(1182, '2023-02-03', 23, '2023-02-03 09:16:26', '2023-02-03 14:38:33', '02:57:45', 'null', 0, 298, 10),
(1183, '2023-02-03', 27, '2023-02-03 10:19:10', '2023-02-03 15:05:11', '03:29:15', 'null', 0, 261, 157),
(1184, '2023-02-03', 40, '2023-02-03 14:58:11', '2023-02-03 16:42:54', '01:44:45', 'null', 0, 204, 151),
(1185, '2023-02-03', 28, '2023-02-03 10:12:08', '2023-02-03 17:28:07', '06:07:15', 'null', 0, 360, 160),
(1186, '2023-02-03', 30, '2023-02-03 13:38:02', '2023-02-03 17:37:16', '03:17:01', 'null', 0, 242, 25),
(1187, '2023-02-03', 27, '2023-02-03 16:00:54', '2023-02-03 16:39:00', '00:38:07', 'null', 0, 50, 32),
(1188, '2023-02-03', 14, '2023-02-03 14:05:02', '2023-02-03 16:42:15', '02:37:15', 'null', 0, 117, 101),
(1189, '2023-02-03', 36, '2023-02-03 12:19:47', '2023-02-03 17:45:26', '03:10:28', 'null', 0, 277, 35),
(1190, '2023-02-03', 14, '2023-02-03 16:42:40', '2023-02-03 17:02:40', '00:20:02', 'null', 0, 117, 61),
(1191, '2023-02-03', 23, '2023-02-03 14:56:00', '2023-02-03 17:13:10', '01:54:57', 'null', 0, 137, 155),
(1192, '2023-02-03', 28, '2023-02-03 17:28:28', '2023-02-03 18:20:17', '00:51:51', 'null', 0, 360, 61),
(1193, '2023-02-03', 24, '2023-02-03 11:46:33', '2023-02-03 17:22:12', '02:33:35', 'null', 0, 281, 54),
(1194, '2023-02-03', 18, '2023-02-03 10:33:59', '2023-02-03 17:24:44', '05:14:23', 'null', 0, 295, 18),
(1195, '2023-02-03', 16, '2023-02-03 10:11:12', '2023-02-03 18:34:49', '05:52:25', 'null', 0, 369, 160),
(1196, '2023-02-03', 9, '2023-02-03 13:34:29', '2023-02-03 17:39:53', '03:33:48', 'null', 0, 216, 148),
(1197, '2023-02-03', 13, '2023-02-03 10:48:28', '2023-02-03 16:44:27', '04:50:48', 'null', 0, 366, 160),
(1198, '2023-02-04', 22, '2023-02-04 09:25:27', '2023-02-04 11:33:16', '02:07:51', 'null', 0, 270, 132),
(1199, '2023-02-04', 22, '2023-02-04 13:34:16', '2023-02-04 17:17:59', '03:07:58', 'null', 0, 393, 132),
(1200, '2023-02-04', 13, '2023-02-04 09:02:56', '2023-02-04 17:19:16', '05:40:11', 'null', 0, 1029, 158),
(1201, '2023-02-06', 22, '2023-02-06 08:00:24', '2023-02-06 08:50:10', '00:49:47', 'null', 0, 108, 132),
(1202, '2023-02-06', 28, '2023-02-06 09:23:07', '2023-02-06 09:27:28', '00:04:23', 'null', 0, 0, 135),
(1203, '2023-02-06', 13, '2023-02-06 09:01:29', '2023-02-06 10:32:37', '01:31:09', 'null', 0, 0, 61),
(1204, '2023-02-06', 22, '2023-02-06 08:58:41', '2023-02-06 15:31:47', '05:49:15', 'null', 0, 400, 155),
(1205, '2023-02-06', 28, '2023-02-06 09:27:52', '2023-02-06 17:17:29', '06:48:27', 'null', 0, 376, 159),
(1206, '2023-02-06', 13, '2023-02-06 10:41:27', '2023-02-06 17:28:14', '05:33:48', 'null', 0, 665, 150),
(1207, '2023-02-07', 22, '2023-02-07 07:38:53', '2023-02-07 08:52:08', '01:13:17', 'null', 0, 530, 61),
(1208, '2023-02-07', 40, '2023-02-06 10:26:30', '2023-02-06 18:23:51', '06:47:05', 'null', 0, 198, 159),
(1209, '2023-02-07', 29, '2023-02-07 10:21:57', '2023-02-07 10:25:09', '00:03:08', 'null', 0, 418, 163),
(1210, '2023-02-07', 13, '2023-02-07 09:03:54', '2023-02-07 10:36:51', '01:32:59', 'null', 0, 665, 61),
(1211, '2023-02-07', 28, '2023-02-07 09:02:10', '2023-02-07 13:52:59', '02:54:02', 'null', 0, 124, 173),
(1212, '2023-02-08', 44, '2023-02-08 09:41:02', '2023-02-08 10:16:25', '00:35:25', 'null', 0, 723, 61),
(1213, '2023-02-08', 22, '2023-02-08 09:30:37', '2023-02-08 10:39:24', '00:00:17', 'null', 0, 400, 171),
(1214, '2023-02-08', 40, '2023-02-08 09:28:04', '2023-02-08 11:14:01', '01:45:58', 'null', 0, 288, 163),
(1215, '2023-02-08', 44, '2023-02-08 10:33:22', '2023-02-08 14:03:43', '02:21:24', 'null', 0, 351, 63),
(1216, '2023-02-08', 44, '2023-02-08 14:07:00', '2023-02-08 14:49:50', '00:42:51', 'null', 0, 351, 61),
(1217, '2023-02-08', 42, '2023-02-08 09:27:32', '2023-02-08 14:53:11', '03:18:11', 'null', 0, 235, 163),
(1218, '2023-02-08', 40, '2023-02-08 13:05:15', '2023-02-08 14:55:28', '01:50:14', 'null', 0, 212, 163),
(1219, '2023-02-08', 16, '2023-02-08 10:34:07', '2023-02-08 16:14:42', '04:38:02', 'null', 0, 421, 177),
(1220, '2023-02-08', 22, '2023-02-08 10:52:33', '2023-02-08 15:35:10', '03:45:28', 'null', 0, 360, 187),
(1221, '2023-02-08', 40, '2023-02-08 15:20:55', '2023-02-08 15:51:20', '00:30:27', 'null', 0, 90, 163),
(1222, '2023-02-08', 39, '2023-02-08 10:31:37', '2023-02-08 17:40:02', '06:06:13', 'null', 0, 522, 177),
(1223, '2023-02-08', 24, '2023-02-08 09:27:02', '2023-02-08 16:46:23', '03:56:49', 'null', 0, 443, 163),
(1224, '2023-02-08', 42, '2023-02-08 15:03:18', '2023-02-08 17:05:16', '02:01:59', 'null', 0, 205, 162),
(1225, '2023-02-08', 40, '2023-02-08 16:47:31', '2023-02-08 17:12:47', '00:25:17', 'null', 0, 45, 183),
(1226, '2023-02-08', 16, '2023-02-08 18:13:08', '2023-02-08 18:13:09', '00:00:03', 'null', 0, 0, 163),
(1227, '2023-02-08', 18, '2023-02-08 10:31:45', '2023-02-08 18:18:59', '06:39:46', 'null', 0, 480, 169),
(1228, '2023-02-08', 9, '2023-02-08 10:30:57', '2023-02-08 18:20:42', '06:46:28', 'null', 0, 311, 183),
(1229, '2023-02-08', 43, '2023-02-08 09:42:24', '2023-02-08 17:21:05', '06:30:27', 'null', 0, 468, 163),
(1230, '2023-02-08', 24, '2023-02-08 16:47:05', '2023-02-08 17:26:39', '00:39:35', 'null', 0, 101, 63),
(1231, '2023-02-08', 45, '2023-02-08 10:42:54', '2023-02-08 18:26:44', '06:39:58', 'null', 0, 346, 163),
(1232, '2023-02-08', 44, '2023-02-08 15:31:36', '2023-02-08 17:29:12', '01:46:07', 'null', 0, 148, 186),
(1233, '2023-02-08', 8, '2023-02-08 10:20:04', '2023-02-08 17:37:51', '07:17:49', 'null', 0, 369, 173),
(1234, '2023-02-09', 36, '2023-02-08 09:24:06', '2023-02-09 09:10:58', '06:58:28', 'null', 0, 500, 169),
(1235, '2023-02-09', 16, '2023-02-09 10:01:46', '2023-02-09 10:39:19', '00:37:35', 'null', 0, 91, 163),
(1236, '2023-02-09', 36, '2023-02-09 09:11:23', '2023-02-09 11:08:04', '00:00:07', 'null', 0, 500, 169),
(1237, '2023-02-09', 18, '2023-02-09 10:10:03', '2023-02-09 12:14:38', '02:04:37', 'null', 0, 116, 169),
(1238, '2023-02-09', 22, '2023-02-09 08:22:40', '2023-02-09 12:31:07', '03:52:37', 'null', 0, 365, 187),
(1239, '2023-02-09', 18, '2023-02-09 12:35:52', '2023-02-09 14:53:18', '01:14:50', 'null', 0, 596, 61),
(1240, '2023-02-09', 40, '2023-02-09 09:13:11', '2023-02-09 15:17:37', '05:00:22', 'null', 0, 343, 183),
(1241, '2023-02-09', 44, '2023-02-09 08:49:18', '2023-02-09 15:28:25', '05:31:57', 'null', 0, 420, 186),
(1242, '2023-02-09', 22, '2023-02-09 13:23:54', '2023-02-09 16:06:58', '02:43:05', 'null', 0, 271, 187),
(1243, '2023-02-09', 42, '2023-02-09 09:08:00', '2023-02-09 16:25:10', '04:12:22', 'null', 0, 436, 162),
(1244, '2023-02-09', 8, '2023-02-09 09:49:14', '2023-02-09 16:30:39', '06:41:26', 'null', 0, 231, 185),
(1245, '2023-02-09', 40, '2023-02-09 15:57:13', '2023-02-09 17:00:21', '01:03:10', 'null', 0, 99, 183),
(1246, '2023-02-09', 36, '2023-02-09 11:39:00', '2023-02-09 17:11:33', '04:46:13', 'null', 0, 472, 187),
(1247, '2023-02-09', 18, '2023-02-09 15:57:38', '2023-02-09 18:19:51', '02:22:14', 'null', 0, 234, 163),
(1248, '2023-02-09', 44, '2023-02-09 15:41:18', '2023-02-09 17:22:27', '01:41:10', 'null', 0, 420, 61),
(1249, '2023-02-09', 16, '2023-02-09 10:36:51', '2023-02-09 17:23:52', '05:55:45', 'null', 0, 541, 179),
(1250, '2023-02-09', 9, '2023-02-09 10:09:11', '2023-02-09 18:28:28', '06:32:06', 'null', 0, 350, 183),
(1251, '2023-02-09', 45, '2023-02-09 14:05:16', '2023-02-09 18:29:10', '04:23:55', 'null', 0, 322, 163),
(1252, '2023-02-09', 30, '2023-02-09 09:58:30', '2023-02-09 17:31:27', '05:32:49', 'null', 0, 455, 163),
(1253, '2023-02-10', 9, '2023-02-10 09:25:50', '2023-02-10 10:36:15', '01:02:43', 'null', 0, 378, 61),
(1254, '2023-02-10', 40, '2023-02-10 09:12:12', '2023-02-10 09:38:14', '00:26:03', 'null', 0, 47, 183),
(1255, '2023-02-10', 12, '2023-02-10 09:39:23', '2023-02-10 11:50:18', '02:05:47', 'null', 0, 257, 163),
(1256, '2023-02-10', 44, '2023-02-10 09:10:10', '2023-02-10 14:02:44', '03:49:48', 'null', 0, 400, 163),
(1257, '2023-02-10', 9, '2023-02-10 10:46:48', '2023-02-10 15:22:28', '02:13:39', 'null', 0, 272, 163),
(1258, '2023-02-10', 4, '2023-02-10 11:20:16', '2023-02-10 15:38:14', '03:15:17', 'null', 0, 590, 63),
(1259, '2023-02-10', 44, '2023-02-10 14:10:16', '2023-02-10 15:29:58', '01:19:44', 'null', 0, 400, 61),
(1260, '2023-02-10', 22, '2023-02-10 09:14:57', '2023-02-10 15:40:00', '05:32:49', 'null', 0, 366, 171),
(1261, '2023-02-10', 12, '2023-02-10 13:19:41', '2023-02-10 16:34:54', '03:12:10', 'null', 0, 290, 187),
(1262, '2023-02-10', 40, '2023-02-10 11:25:15', '2023-02-10 16:31:28', '03:58:19', 'null', 0, 308, 183),
(1263, '2023-02-10', 16, '2023-02-10 11:22:08', '2023-02-10 16:50:38', '04:27:33', 'null', 0, 403, 171),
(1264, '2023-02-10', 44, '2023-02-10 16:44:16', '2023-02-10 16:55:44', '00:11:29', 'null', 0, 76, 186),
(1265, '2023-02-10', 28, '2023-02-10 09:09:20', '2023-02-10 17:03:52', '06:08:43', 'null', 0, 724, 163),
(1266, '2023-02-10', 9, '2023-02-10 16:13:30', '2023-02-10 18:16:48', '01:49:27', 'null', 0, 84, 183),
(1267, '2023-02-10', 36, '2023-02-10 09:05:47', '2023-02-10 17:23:39', '02:49:40', 'null', 0, 316, 187),
(1268, '2023-02-12', 3, '2023-02-12 19:22:24', '2023-02-12 19:31:26', '00:07:45', 'null', 0, 100, 167),
(1269, '2023-02-13', 4, '2023-02-13 11:56:57', '2023-02-13 12:02:02', '00:03:37', 'null', 0, 129, 166),
(1270, '2023-02-13', 8, '2023-02-13 12:06:05', '2023-02-13 12:12:27', '00:03:25', '1', 100, 50, 168),
(1271, '2023-02-13', 22, '2023-02-13 08:35:25', '2023-02-13 12:06:10', '03:30:47', 'null', 0, 598, 162),
(1272, '2023-02-13', 36, '2023-02-13 09:14:22', '2023-02-13 15:09:01', '04:51:14', 'null', 0, 540, 162),
(1273, '2023-02-13', 22, '2023-02-13 12:15:09', '2023-02-13 15:50:21', '03:01:34', 'null', 0, 498, 62),
(1274, '2023-02-13', 39, '2023-02-13 10:23:46', '2023-02-13 18:18:04', '06:48:45', 'null', 0, 270, 173),
(1275, '2023-02-13', 13, '2023-02-13 09:15:47', '2023-02-13 17:28:44', '07:09:51', 'null', 0, 342, 185),
(1276, '2023-02-13', 36, '2023-02-13 15:09:51', '2023-02-13 17:54:49', '00:00:09', 'null', 0, 540, 162),
(1277, '2023-02-14', 22, '2023-02-14 07:26:07', '2023-02-14 07:59:52', '00:33:47', 'null', 0, 105, 62),
(1278, '2023-02-14', 36, '2023-02-14 09:19:43', '2023-02-14 09:19:45', '00:00:04', 'null', 0, 0, 182),
(1279, '2023-02-14', 22, '2023-02-14 08:07:28', '2023-02-14 09:40:42', '01:33:15', 'null', 0, 580, 61),
(1280, '2023-02-14', 29, '2023-02-14 10:44:15', '2023-02-14 10:44:47', '00:00:28', 'null', 0, 450, 163),
(1281, '2023-02-14', 29, '2023-02-14 11:05:39', '2023-02-14 11:06:33', '00:00:45', 'null', 0, 400, 163),
(1282, '2023-02-14', 22, '2023-02-14 12:42:57', '2023-02-14 14:27:17', '01:28:11', 'null', 0, 314, 163),
(1283, '2023-02-14', 40, '2023-02-14 10:22:35', '2023-02-14 16:06:52', '04:27:50', 'null', 0, 605, 171),
(1284, '2023-02-14', 39, '2023-02-14 10:06:35', '2023-02-14 17:45:24', '04:43:03', 'null', 0, 255, 173);
INSERT INTO `data` (`id`, `date`, `username`, `start_time`, `end_time`, `total_working_time`, `target_working_time`, `target_quota`, `actual_quota`, `sku_packed`) VALUES
(1285, '2023-02-14', 28, '2023-02-14 10:40:31', '2023-02-14 17:30:04', '05:38:41', 'null', 0, 342, 177),
(1286, '2023-02-14', 44, '2023-02-14 10:53:51', '2023-02-14 17:30:27', '05:17:55', 'null', 0, 346, 171),
(1287, '2023-02-15', 36, '2023-02-14 09:19:56', '2023-02-14 17:19:20', '03:19:02', 'null', 0, 508, 183),
(1288, '2023-02-15', 8, '2023-02-15 09:52:50', '2023-02-15 11:09:03', '01:16:15', 'null', 0, 90, 169),
(1289, '2023-02-15', 44, '2023-02-15 09:03:03', '2023-02-15 11:29:35', '02:17:05', 'null', 0, 154, 171),
(1290, '2023-02-15', 22, '2023-02-15 07:51:14', '2023-02-15 12:19:06', '03:36:43', 'null', 0, 281, 163),
(1291, '2023-02-15', 40, '2023-02-15 10:30:52', '2023-02-15 14:06:14', '02:20:02', 'null', 0, 280, 187),
(1292, '2023-02-15', 44, '2023-02-15 11:47:23', '2023-02-15 13:56:51', '01:06:28', 'null', 0, 500, 61),
(1293, '2023-02-15', 22, '2023-02-15 12:55:03', '2023-02-15 15:32:58', '02:37:57', 'null', 0, 279, 163),
(1294, '2023-02-15', 40, '2023-02-15 15:02:24', '2023-02-15 16:46:22', '01:43:59', 'null', 0, 466, 63),
(1295, '2023-02-15', 13, '2023-02-15 09:02:10', '2023-02-15 15:56:32', '04:29:23', 'null', 0, 351, 171),
(1296, '2023-02-15', 42, '2023-02-15 10:20:41', '2023-02-15 17:11:18', '04:42:25', 'null', 0, 347, 186),
(1297, '2023-02-15', 9, '2023-02-15 16:15:23', '2023-02-15 18:08:42', '01:53:21', 'null', 0, 245, 163),
(1298, '2023-02-15', 24, '2023-02-15 09:09:06', '2023-02-15 17:08:59', '07:15:01', 'null', 0, 223, 171),
(1299, '2023-02-15', 42, '2023-02-15 18:18:25', '2023-02-15 18:18:29', '00:00:06', 'null', 0, 63, 163),
(1300, '2023-02-15', 39, '2023-02-15 10:05:36', '2023-02-15 18:24:08', '07:14:59', 'null', 0, 492, 183),
(1301, '2023-02-15', 13, '2023-02-15 16:20:33', '2023-02-15 17:25:28', '01:04:56', 'null', 0, 144, 163),
(1302, '2023-02-15', 44, '2023-02-15 14:27:49', '2023-02-15 17:27:49', '02:50:41', 'null', 0, 410, 63),
(1303, '2023-02-15', 36, '2023-02-15 09:14:51', '2023-02-15 18:39:58', '04:10:57', 'null', 0, 292, 183),
(1304, '2023-02-16', 22, '2023-02-16 08:47:59', '2023-02-16 08:56:34', '00:08:37', 'null', 0, 0, 163),
(1305, '2023-02-16', 30, '2023-02-15 11:15:45', '2023-02-16 08:59:39', '20:53:44', 'null', 0, 347, 167),
(1306, '2023-02-16', 44, '2023-02-16 08:57:53', '2023-02-16 09:18:11', '00:20:19', 'null', 0, 61, 63),
(1307, '2023-02-16', 14, '2023-02-16 10:02:27', '2023-02-16 10:21:48', '00:19:11', 'null', 0, 37, 163),
(1308, '2023-02-16', 30, '2023-02-16 09:00:52', '2023-02-16 09:42:45', '00:28:33', 'null', 0, 45, 61),
(1309, '2023-02-16', 44, '2023-02-16 09:18:48', '2023-02-16 09:53:50', '00:26:44', 'null', 0, 471, 61),
(1310, '2023-02-16', 9, '2023-02-16 08:46:01', '2023-02-16 11:10:10', '01:24:31', 'null', 0, 380, 163),
(1311, '2023-02-16', 8, '2023-02-16 09:11:42', '2023-02-16 11:32:16', '02:20:35', 'null', 0, 255, 163),
(1312, '2023-02-16', 44, '2023-02-16 10:02:55', '2023-02-16 13:11:34', '01:56:55', 'null', 0, 78, 167),
(1313, '2023-02-16', 14, '2023-02-16 10:59:07', '2023-02-16 14:31:39', '02:01:10', 'null', 0, 837, 61),
(1314, '2023-02-16', 44, '2023-02-16 13:21:27', '2023-02-16 13:43:45', '00:22:19', 'null', 0, 78, 61),
(1315, '2023-02-16', 22, '2023-02-16 09:13:43', '2023-02-16 14:07:12', '04:06:40', 'null', 0, 414, 163),
(1316, '2023-02-16', 13, '2023-02-16 09:11:59', '2023-02-16 14:20:17', '04:04:02', 'null', 0, 395, 163),
(1317, '2023-02-16', 14, '2023-02-16 14:40:43', '2023-02-16 15:31:37', '00:43:35', 'null', 0, 28, 171),
(1318, '2023-02-16', 30, '2023-02-16 10:39:28', '2023-02-16 14:36:55', '02:46:40', 'null', 0, 310, 163),
(1319, '2023-02-16', 22, '2023-02-16 14:18:39', '2023-02-16 15:18:55', '01:00:17', 'null', 0, 55, 185),
(1320, '2023-02-16', 36, '2023-02-16 09:17:54', '2023-02-16 15:26:56', '00:39:46', 'null', 0, 366, 162),
(1321, '2023-02-16', 42, '2023-02-16 10:05:05', '2023-02-16 18:08:06', '07:01:38', 'null', 0, 502, 163),
(1322, '2023-02-16', 12, '2023-02-16 14:23:15', '2023-02-16 17:13:37', '02:38:09', 'null', 0, 231, 171),
(1323, '2023-02-16', 39, '2023-02-16 10:06:44', '2023-02-16 18:14:29', '05:02:50', 'null', 0, 341, 183),
(1324, '2023-02-16', 40, '2023-02-16 16:16:23', '2023-02-16 18:15:20', '01:58:59', 'null', 0, 285, 171),
(1325, '2023-02-16', 16, '2023-02-16 15:27:44', '2023-02-16 17:16:41', '01:48:59', 'null', 0, 212, 163),
(1326, '2023-02-16', 44, '2023-02-16 17:19:35', '2023-02-16 18:24:31', '01:04:58', 'null', 0, 105, 162),
(1327, '2023-02-16', 30, '2023-02-16 14:57:24', '2023-02-16 17:30:29', '02:22:19', 'null', 0, 310, 61),
(1328, '2023-02-17', 9, '2023-02-16 18:30:58', '2023-02-17 08:10:51', '13:39:55', 'null', 0, 0, 63),
(1329, '2023-02-17', 16, '2023-02-17 09:08:40', '2023-02-17 09:42:32', '00:33:54', 'null', 0, 64, 163),
(1330, '2023-02-17', 30, '2023-02-17 08:54:37', '2023-02-17 10:11:53', '00:00:12', 'null', 0, 310, 162),
(1331, '2023-02-17', 12, '2023-02-17 09:20:17', '2023-02-17 10:18:48', '00:55:30', 'null', 0, 102, 171),
(1332, '2023-02-17', 44, '2023-02-17 10:02:06', '2023-02-17 11:32:05', '01:20:29', 'null', 0, 165, 162),
(1333, '2023-02-17', 28, '2023-02-17 09:51:48', '2023-02-17 10:40:57', '00:28:28', 'null', 0, 56, 173),
(1334, '2023-02-17', 44, '2023-02-17 11:36:22', '2023-02-17 12:07:11', '00:30:51', 'null', 0, 165, 61),
(1335, '2023-02-17', 22, '2023-02-17 07:56:52', '2023-02-17 11:20:17', '03:07:06', 'null', 0, 820, 61),
(1336, '2023-02-17', 12, '2023-02-17 10:19:32', '2023-02-17 11:55:09', '01:30:01', 'null', 0, 217, 171),
(1337, '2023-02-17', 22, '2023-02-17 11:31:51', '2023-02-17 13:04:45', '00:40:45', 'null', 0, 36, 185),
(1338, '2023-02-17', 9, '2023-02-17 08:17:58', '2023-02-17 13:39:28', '03:41:12', 'null', 0, 438, 63),
(1339, '2023-02-17', 16, '2023-02-17 11:49:35', '2023-02-17 15:03:21', '02:05:57', 'null', 0, 140, 169),
(1340, '2023-02-17', 44, '2023-02-17 12:19:51', '2023-02-17 15:47:23', '02:39:06', 'null', 0, 392, 62),
(1341, '2023-02-17', 28, '2023-02-17 10:41:18', '2023-02-17 14:47:46', '02:21:07', 'null', 0, 260, 187),
(1342, '2023-02-17', 9, '2023-02-17 15:30:25', '2023-02-17 16:09:02', '00:38:38', 'null', 0, 224, 62),
(1343, '2023-02-20', 30, '2023-02-20 08:20:35', '2023-02-20 08:20:36', '00:00:03', 'null', 0, 0, 163),
(1344, '2023-02-20', 22, '2023-02-20 08:31:16', '2023-02-20 12:17:04', '03:33:55', 'null', 0, 324, 163),
(1345, '2023-02-20', 13, '2023-02-20 10:07:39', '2023-02-20 17:43:20', '04:09:07', 'null', 0, 811, 162),
(1346, '2023-02-20', 40, '2023-02-20 13:01:50', '2023-02-20 17:10:17', '04:08:28', 'null', 0, 436, 171),
(1347, '2023-02-20', 25, '2023-02-20 13:55:49', '2023-02-20 19:51:27', '05:51:39', 'null', 0, 650, 162),
(1348, '2023-02-21', 40, '2023-02-21 09:08:44', '2023-02-21 09:59:14', '00:50:32', 'null', 0, 120, 171),
(1349, '2023-02-21', 28, '2023-02-21 09:59:02', '2023-02-21 13:33:35', '02:32', 'null', 0, 508, 163),
(1350, '2023-02-21', 28, '2023-02-21 13:42:29', '2023-02-21 14:42:31', '01:00:04', 'null', 0, 508, 61),
(1351, '2023-02-21', 44, '2023-02-21 09:08:59', '2023-02-21 17:16:06', '06:58:49', 'null', 0, 191, 179),
(1352, '2023-02-21', 23, '2023-02-21 14:46:04', '2023-02-21 17:30:03', '02:44:01', 'null', 0, 222, 183),
(1353, '2023-02-21', 28, '2023-02-21 14:47:11', '2023-02-21 17:30:06', '02:36:57', 'null', 0, 197, 183),
(1354, '2023-02-22', 40, '2023-02-21 13:15:44', '2023-02-21 15:52:25', '02:36:43', 'null', 0, 542, 162),
(1355, '2023-02-22', 36, '2023-02-21 16:27:57', '2023-02-22 14:11:06', '21:43:10', 'null', 0, 0, 162),
(1356, '2023-02-22', 23, '2023-02-22 09:13:57', '2023-02-22 14:17:59', '02:45:43', 'null', 0, 181, 183),
(1357, '2023-02-22', 44, '2023-02-22 08:59:37', '2023-02-22 16:41:53', '06:23:24', 'null', 0, 218, 173),
(1358, '2023-02-22', 24, '2023-02-22 09:15:11', '2023-02-22 17:16:06', '07:30:26', 'null', 0, 411, 183),
(1359, '2023-02-22', 40, '2023-02-22 13:12:03', '2023-02-22 17:18:17', '04:06:15', 'null', 0, 425, 171),
(1360, '2023-02-22', 36, '2023-02-22 09:19:06', '2023-02-22 17:33:03', '04:43:07', 'null', 0, 556, 162),
(1361, '2023-02-22', 13, '2023-02-22 14:11:52', '2023-02-22 19:19:40', '04:26:25', 'null', 0, 487, 171),
(1362, '2023-02-22', 27, '2023-02-22 13:20:01', '2023-02-22 18:48:08', '05:11:32', 'null', 0, 357, 163),
(1363, '2023-02-22', 23, '2023-02-22 14:58:40', '2023-02-22 18:53:28', '03:48:11', 'null', 0, 221, 181),
(1364, '2023-02-23', 50, '2023-02-23 09:06:05', '2023-02-23 09:06:26', '00:00:23', 'null', 0, 0, 61),
(1365, '2023-02-23', 8, '2023-02-23 10:00:56', '2023-02-23 10:39:04', '00:38:10', 'null', 0, 88, 163),
(1366, '2023-02-23', 16, '2023-02-23 10:01:52', '2023-02-23 10:50:56', '00:49:06', 'null', 0, 61, 185),
(1367, '2023-02-23', 50, '2023-02-23 09:07:05', '2023-02-23 09:53:35', '00:46:32', 'null', 0, 0, 61),
(1368, '2023-02-23', 40, '2023-02-23 09:07:37', '2023-02-23 10:02:23', '00:54:48', 'null', 0, 110, 171),
(1369, '2023-02-23', 46, '2023-02-23 10:28:05', '2023-02-23 11:03:31', '00:35:28', 'null', 0, 343, 61),
(1370, '2023-02-23', 12, '2023-02-23 10:56:12', '2023-02-23 12:08:25', '01:12:14', 'null', 0, 416, 61),
(1371, '2023-02-23', 45, '2023-02-23 10:08:38', '2023-02-23 12:09:55', '02:01:18', 'null', 0, 123, 63),
(1372, '2023-02-23', 43, '2023-02-23 10:05:41', '2023-02-23 12:14:36', '02:08:57', 'null', 0, 0, 163),
(1373, '2023-02-23', 8, '2023-02-23 11:42:59', '2023-02-23 12:18:24', '00:35:26', 'null', 0, 111, 163),
(1374, '2023-02-23', 12, '2023-02-23 12:38:55', '2023-02-23 12:38:56', '00:00:02', 'null', 0, 0, 185),
(1375, '2023-02-23', 36, '2023-02-23 12:26:11', '2023-02-23 13:00:18', '00:34:09', 'null', 0, 0, 162),
(1376, '2023-02-23', 44, '2023-02-23 08:58:06', '2023-02-23 13:20:36', '03:16:44', 'null', 0, 336, 167),
(1377, '2023-02-23', 46, '2023-02-23 12:55:46', '2023-02-23 16:09:23', '02:17:38', 'null', 0, 257, 171),
(1378, '2023-02-23', 43, '2023-02-23 14:43:09', '2023-02-23 16:17:16', '01:34:09', 'null', 0, 103, 163),
(1379, '2023-02-23', 23, '2023-02-23 08:57:33', '2023-02-23 15:39:02', '04:26:24', 'null', 0, 181, 181),
(1380, '2023-02-23', 46, '2023-02-23 16:16:18', '2023-02-23 16:51:27', '00:35:11', 'null', 0, 257, 61),
(1381, '2023-02-23', 12, '2023-02-23 12:39:34', '2023-02-23 18:18:13', '04:20:14', 'null', 0, 375, 185),
(1382, '2023-02-23', 36, '2023-02-23 14:06:17', '2023-02-23 18:18:24', '04:12:09', 'null', 0, 442, 162),
(1383, '2023-02-23', 45, '2023-02-23 14:07:03', '2023-02-23 18:18:37', '04:11:35', 'null', 0, 225, 63),
(1384, '2023-02-23', 50, '2023-02-23 10:19:59', '2023-02-23 17:19:35', '06:59:38', 'null', 0, 0, 163),
(1385, '2023-02-23', 13, '2023-02-23 10:29:02', '2023-02-23 18:22:55', '06:00:28', 'null', 0, 790, 162),
(1386, '2023-02-23', 48, '2023-02-23 10:23:12', '2023-02-23 18:30:13', '08:06:59', 'null', 0, 245, 169);

-- --------------------------------------------------------

--
-- Table structure for table `details`
--

CREATE TABLE `details` (
  `id` int(11) NOT NULL,
  `portfolio` int(11) NOT NULL,
  `image` varchar(255) NOT NULL,
  `category` varchar(255) NOT NULL,
  `client` varchar(255) NOT NULL,
  `project_date` varchar(255) NOT NULL,
  `title` varchar(255) NOT NULL,
  `desc` text NOT NULL
) ENGINE=MyISAM DEFAULT CHARSET=latin1 COLLATE=latin1_swedish_ci;

--
-- Dumping data for table `details`
--

INSERT INTO `details` (`id`, `portfolio`, `image`, `category`, `client`, `project_date`, `title`, `desc`) VALUES
(1, 1, 'portfolio-details-1_1.png', 'Desktop', 'Cricket Club', '24-Oct-2020', 'Sports Club', 'This is a web and mobile-based application to be used as a sports matchmaker where you can register your team and can place challenge requests where other teams can accept the request. After the acceptance of challenge by the opponent team, both teams will play the match fee and the admin will organize the match which includes an umpire. After a certain period of time, a tournament will be organized. The umpires can also register themselves in the system. This app also allows viewers to view newsfeed according to their interests.'),
(2, 1, 'portfolio-details-2_1.png', 'Desktop', 'Cricket Club', '24-Oct-2020', 'Sports Club', 'This is a web and mobile-based application to be used as a sports matchmaker where you can register your team and can place challenge requests where other teams can accept the request. After the acceptance of challenge by the opponent team, both teams will play the match fee and the admin will organize the match which includes an umpire. After a certain period of time, a tournament will be organized. The umpires can also register themselves in the system. This app also allows viewers to view newsfeed according to their interests.'),
(3, 1, 'portfolio-details-3_1.png', 'Desktop', 'Cricket Club', '24-Oct-2020', 'Sports Club', 'This is a web and mobile-based application to be used as a sports matchmaker where you can register your team and can place challenge requests where other teams can accept the request. After the acceptance of challenge by the opponent team, both teams will play the match fee and the admin will organize the match which includes an umpire. After a certain period of time, a tournament will be organized. The umpires can also register themselves in the system. This app also allows viewers to view newsfeed according to their interests.'),
(4, 2, 'portfolio-details-1_2.png', 'Desktop', 'Elton Canada', 'Feb-2022', 'Client Management System', 'The application is for clients personal use in his company where he can hande his employees and the details of their employees he can generate pdf file from the applican, theres also dark mode enabled in the application and fullfill all the requirements of the client'),
(5, 2, 'portfolio-details-2_2.png', 'Desktop', 'Elton Canada', 'Feb-2022', 'Client Management System', 'The application is for clients personal use in his company where he can hande his employees and the details of their employees he can generate pdf file from the applican, theres also dark mode enabled in the application and fullfill all the requirements of the client'),
(6, 2, 'portfolio-details-3_2.png', 'Desktop', 'Elton Canada', 'Feb-2022', 'Client Management System', 'The application is for clients personal use in his company where he can hande his employees and the details of their employees he can generate pdf file from the applican, theres also dark mode enabled in the application and fullfill all the requirements of the client'),
(7, 2, 'portfolio-details-4_2.png', 'Desktop', 'Elton Canada', 'Feb-2022', 'Client Management System', 'The application is for clients personal use in his company where he can hande his employees and the details of their employees he can generate pdf file from the applican, theres also dark mode enabled in the application and fullfill all the requirements of the client'),
(8, 2, 'portfolio-details-5_2.png', 'Desktop', 'Elton Canada', 'Feb-2022', 'Client Management System', 'The application is for clients personal use in his company where he can hande his employees and the details of their employees he can generate pdf file from the applican, theres also dark mode enabled in the application and fullfill all the requirements of the client'),
(9, 2, 'portfolio-details-6_2.png', 'Desktop', 'Elton Canada', 'Feb-2022', 'Client Management System', 'The application is for clients personal use in his company where he can hande his employees and the details of their employees he can generate pdf file from the applican, theres also dark mode enabled in the application and fullfill all the requirements of the client'),
(10, 2, 'portfolio-details-7_2.png', 'Desktop', 'Elton Canada', 'Feb-2022', 'Client Management System', 'The application is for clients personal use in his company where he can hande his employees and the details of their employees he can generate pdf file from the applican, theres also dark mode enabled in the application and fullfill all the requirements of the client'),
(11, 3, 'portfolio-details-1_3.png', 'Mobile App', 'Christopher Myers', '14-Aug-2022', 'PeachyBbies', 'develop a tablet-based, internal use only time tracking application for our internal product packing process. \r\nThe goal is to track an employees time while packing our products and while pausing for various reasons. \r\n'),
(12, 3, 'portfolio-details-2_3.png', 'Mobile App', 'Christopher Myers', '14-Aug-2022', 'PeachyBbies', 'develop a tablet-based, internal use only time tracking application for our internal product packing process. \r\nThe goal is to track an employees time while packing our products and while pausing for various reasons. \r\n'),
(13, 4, 'portfolio-details-1_4.png', 'Web App', 'Christopher Myers', '10-Aug-2022', 'PeachyBbies', 'develop a tablet-based, internal use only time tracking application for our internal product packing process. \r\nThe goal is to track an employees time while packing our products and while pausing for various reasons. \r\n'),
(14, 4, 'portfolio-details-2_4.png', 'Web App', 'Christopher Myers', '10-Aug-2022', 'PeachyBbies', 'develop a tablet-based, internal use only time tracking application for our internal product packing process. \r\nThe goal is to track an employees time while packing our products and while pausing for various reasons. \r\n');

-- --------------------------------------------------------

--
-- Table structure for table `employee`
--

CREATE TABLE `employee` (
  `id` int(11) NOT NULL,
  `first_name` varchar(255) NOT NULL,
  `last_name` varchar(255) NOT NULL,
  `join_date` date NOT NULL,
  `hourly_rate` double NOT NULL DEFAULT 1,
  `status` int(11) NOT NULL DEFAULT 0
) ENGINE=InnoDB DEFAULT CHARSET=utf8mb4 COLLATE=utf8mb4_general_ci;

--
-- Dumping data for table `employee`
--

INSERT INTO `employee` (`id`, `first_name`, `last_name`, `join_date`, `hourly_rate`, `status`) VALUES
(1, 'Chris', 'Myers', '2023-02-19', 1, 0),
(3, 'Amanda', 'Jones', '2023-02-19', 1, 1),
(4, 'Austin', 'Elmore', '2023-02-19', 1, 0),
(5, 'Ana', 'Zuniga', '2023-02-19', 1, 1),
(6, 'Ash', 'Bradford', '2023-02-19', 1, 1),
(7, 'Asya', 'Arterberry', '2023-02-19', 1, 1),
(8, 'Christian', 'Hebenstreich', '2023-02-19', 1, 0),
(9, 'Dustin', 'Oliver', '2023-02-19', 1, 0),
(10, 'Jumpy', 'Tarket', '2023-02-19', 1, 1),
(11, 'Erika', 'Roa', '2023-02-19', 1, 1),
(12, 'Hailey', 'Allen', '2023-02-19', 1, 0),
(13, 'Iesha', 'Millard', '2023-02-19', 1, 0),
(14, 'Julie', 'Johnson', '2023-02-19', 1, 0),
(15, 'Kyle', 'King', '2023-02-19', 1, 1),
(16, 'Micah', 'Boyd', '2023-02-19', 1, 0),
(17, 'Prenice', 'Gilstad', '2023-02-19', 1, 0),
(18, 'Ryan', 'Moss', '2023-02-19', 1, 0),
(19, 'Sabrina', 'Stafin', '2023-02-19', 1, 1),
(20, 'Sandra', 'Aguas', '2023-02-19', 1, 1),
(21, 'Shelby', 'Devitt', '2023-02-19', 1, 1),
(22, 'Sofia', 'Torres Navarro', '2023-02-19', 1, 0),
(23, 'Tatiyana', 'Villareal', '2023-02-19', 1, 0),
(24, 'Chandler', 'Porter', '2023-02-19', 1, 0),
(25, 'Jose', 'Lopez', '2023-02-19', 1, 0),
(26, 'Nettie', 'Markus', '2023-02-19', 1, 1),
(27, 'Quinton', 'Mosley', '2023-02-19', 1, 0),
(28, 'Amber', 'Bosch', '2023-02-19', 1, 0),
(29, 'Remy', 'Van Kampen', '2023-02-19', 1, 0),
(30, 'Eric', 'Tarket', '2023-02-19', 1, 0),
(31, 'David', 'Pham', '2023-02-19', 1, 0),
(32, 'Hiro', 'Ocampo', '2023-02-19', 1, 0),
(33, 'Jac', 'Oh', '2023-02-19', 1, 1),
(34, 'Noel', 'Graham', '2023-02-19', 1, 0),
(35, 'Scarlet', 'McClenny', '2023-02-19', 1, 0),
(36, 'Fernando', 'Barron', '2023-02-19', 1, 0),
(37, 'Jacq', 'Oh', '2023-02-19', 1, 0),
(38, 'Manny', 'Walker', '2023-02-19', 1, 1),
(39, 'Kandace', 'Davids', '2023-02-19', 1, 0),
(40, 'Yahir', 'Saldana', '2023-02-19', 1, 0),
(41, 'Nathan', 'Abas', '2023-02-19', 1, 1),
(42, 'Mia', 'Allen', '2023-02-19', 1, 0),
(43, 'Avery', 'Haley', '2023-02-19', 1, 0),
(44, 'Sandra', 'Aguas', '2023-02-19', 1, 0),
(45, 'Jamie', 'Pickens', '2023-02-19', 1, 0),
(46, 'Nettie', 'Markus', '0000-00-00', 1, 0),
(47, 'Alyssa', 'Portillo', '0000-00-00', 1, 0),
(48, 'Ashlyn', 'Urbina', '0000-00-00', 1, 0),
(49, 'Giselle', 'Padron', '0000-00-00', 1, 0),
(50, 'Maria', 'Mansoor', '0000-00-00', 1, 0),
(51, 'Royce', 'VanDuyne', '0000-00-00', 1, 0),
(52, 'Tracy', 'Nderitu', '0000-00-00', 1, 0);

-- --------------------------------------------------------

--
-- Table structure for table `multiplier`
--

CREATE TABLE `multiplier` (
  `id` int(11) NOT NULL,
  `packer` int(11) NOT NULL,
  `slime` int(11) NOT NULL,
  `hours` int(11) NOT NULL,
  `perHour` int(11) NOT NULL,
  `status` int(11) NOT NULL DEFAULT 0
) ENGINE=MyISAM DEFAULT CHARSET=latin1 COLLATE=latin1_swedish_ci;

--
-- Dumping data for table `multiplier`
--

INSERT INTO `multiplier` (`id`, `packer`, `slime`, `hours`, `perHour`, `status`) VALUES
(1, 1, 9, 0, 50, 1),
(2, 3, 167, 0, 0, 1),
(3, 4, 166, 0, 129, 0),
(4, 8, 168, 0, 50, 0);

-- --------------------------------------------------------

--
-- Table structure for table `slime`
--

CREATE TABLE `slime` (
  `id` int(11) NOT NULL,
  `slime_name` varchar(255) NOT NULL,
  `slime_texture` varchar(255) NOT NULL,
  `multiplier` int(11) NOT NULL DEFAULT 0,
  `status` int(11) NOT NULL DEFAULT 0
) ENGINE=InnoDB DEFAULT CHARSET=utf8mb4 COLLATE=utf8mb4_general_ci;

--
-- Dumping data for table `slime`
--

INSERT INTO `slime` (`id`, `slime_name`, `slime_texture`, `multiplier`, `status`) VALUES
(5, 'Star Bar CLAY Kit', 'Plop', 100, 1),
(6, 'Banana Jellybean', '2 Part Horizontal', 100, 1),
(7, 'Space Mushroom', '2 Part Horizontal', 100, 1),
(8, 'Axolotl Sundea', '2 Part Horizontal', 100, 1),
(9, 'Aphrodites Love Spell Float', 'Icee Cloud', 100, 1),
(10, 'Honeycube Squish Jelly', 'Plop', 100, 1),
(11, 'De-Stress Dough', 'Plop', 100, 1),
(12, 'Cotton Candy Waffle CLAY Kit', 'Plop', 100, 1),
(13, 'Froggy Boba', 'Icee Cloud', 100, 1),
(14, 'Strawberry Skies', '2 Part Horizontal', 100, 1),
(15, 'Zeus Crunch Cake', '2 Part Vertical', 100, 1),
(16, 'Cows in Space', 'Cow', 100, 1),
(17, 'Cotton Candy Clouds', 'Icee Cloud', 100, 1),
(18, 'Strawberry Cow', 'Cow', 100, 1),
(19, 'Pink Lemonda Fizz', '2 Part Twist', 100, 1),
(20, 'Hawaiian Punch', 'Plop', 100, 1),
(21, 'Campfire Smores CLAY Kit', 'Plop', 100, 1),
(22, 'Dreamscape Cloud Frost', '2 Part Twist', 100, 1),
(23, 'Rainbow Road', 'Plop', 100, 1),
(24, 'Blueberry Puff', 'Plop', 100, 1),
(25, 'Dino Exhibit', 'Plop', 100, 1),
(26, 'DragonFruit Candy Crunch', '2 Part Horizontal', 100, 1),
(27, 'Emo Girl Jelly', 'Plop', 100, 1),
(28, 'Lemon Ice Cream', 'Plop', 100, 1),
(29, 'Asteroid Crunch', 'Plop', 100, 1),
(30, 'Fairy Dust Fizz', '2 Part Twist', 100, 1),
(31, 'Witching Hour', 'Plop ', 100, 1),
(32, 'Lavender Sorbet', 'Plop', 100, 1),
(33, 'Kitten Snacks', '2 Part Vertical', 100, 1),
(34, 'Whipped Vanilla Sugar', 'Plop ', 100, 1),
(35, 'Chocolate Chip Cookie Dough', 'Plop', 100, 1),
(36, 'Syrup', 'All Syrup packing', 100, 1),
(37, 'Baggies', 'All baggie actions', 100, 1),
(38, 'Labeling', 'All slime labeling', 100, 1),
(39, 'Lids', 'Labeling Lids', 100, 1),
(40, 'Packets', 'Packet creation', 100, 1),
(41, 'Test', 'Testing only', 100, 1),
(42, 'Galaxy Boba DIY kit', 'Plop', 100, 1),
(43, 'Northern Lights Jelly Cubes', 'Plop + Toppings', 100, 1),
(44, 'Peachys Succulent Shop CLAY', 'Plop', 100, 1),
(45, 'Island Fruit Punch', 'Plop + Toppings', 100, 1),
(46, 'Moo-berry Ice cream', '2 Part Twist', 100, 1),
(47, 'Blueberry Soda Clouds', 'Icee Cloud', 100, 1),
(48, 'Peachys poppin rocks GRAPE SODA', 'Plop + Toppings', 100, 1),
(49, 'Bubble Bath', 'Plop + Toppings', 100, 1),
(50, 'Peach Soda Ramune', 'Plop + Toppings', 100, 1),
(51, 'Cucumber Melon Scrub', 'Plop + Toppings', 100, 1),
(52, 'Iced Water', 'Plop + Toppings', 100, 1),
(53, 'Prism potion', 'Plop + Toppings', 100, 1),
(54, 'Ocean Buddies Jelly', 'Plop + Toppings', 100, 1),
(55, 'Crumbl Pink Sugar Cookie Clay', 'Plop', 100, 1),
(56, 'Piggy Bank', 'Plop + Toppings', 100, 1),
(57, 'Marshmallow Dream Bar', 'Plop + Toppings', 100, 1),
(58, 'CLAY', 'Crumbl Pink Sugar Cookie', 100, 1),
(59, 'CLAY', 'Peachys Succulent Shop', 100, 1),
(60, 'CLAY', 'Peachys Succulent Shop', 100, 1),
(61, 'Other Tasks', 'Labeling', 100, 0),
(62, 'Other Tasks', 'Baggies', 100, 0),
(63, 'Other Tasks', 'Syrup packing', 100, 0),
(64, 'Other Tasks', 'Lids labeling', 100, 0),
(65, 'Other Tasks', 'Shelving product', 100, 0),
(66, 'Other Tasks', 'Packets', 100, 0),
(67, 'CLAY', 'Christmas Sugar Cookies', 100, 1),
(68, 'CLAY', 'Christmas Tree', 100, 1),
(69, 'Other Tasks', 'Clay Packing', 100, 0),
(70, 'Cake Batter', 'Plop + Toppings', 100, 1),
(71, 'Cereal Milk Ice Cream', '2 part Twist', 100, 1),
(72, 'Christmas Tree', 'Plop ', 100, 1),
(73, 'Euphoria Velvet', 'Plop + Toppings', 100, 1),
(74, 'Frosty Margarita', 'Plop + Toppings', 100, 1),
(75, 'Golden Hour', 'Plop + Toppings', 100, 1),
(76, 'Melted Snowman', 'Plop + Toppings', 100, 1),
(77, 'Outer Space Float', 'Plop + Toppings', 100, 1),
(78, 'Peachys Puff Cake', 'Plop', 100, 1),
(79, 'Poppin Rocks COTTON CANDY', 'Plop + Toppings', 100, 1),
(80, 'Rose Garden Crunch', 'Plop + Toppings', 100, 1),
(81, 'Santa Cookies', 'Plop', 100, 1),
(82, 'T-rex Crunch', 'Plop + Toppings', 100, 1),
(83, 'Teddy Bear Fur Cloud', 'Plop + Toppings', 100, 1),
(84, 'Unicorn Fur Cloud', '3 part Twist', 100, 1),
(85, 'Gingerbread Cookie Dough', 'Plop + Toppings', 100, 1),
(86, 'Candy Cane Lane', '2 part Twist', 100, 1),
(87, 'Peachys Christmas Cake', '2 part Twist', 100, 1),
(88, 'Penguin Christmas Cake', 'Icee with toppings', 100, 1),
(89, 'Berry Crumble Cake', 'TBD', 100, 1),
(90, 'Pink Christmas', '2 Part Horizontal', 100, 1),
(91, 'Blueberry Cow', 'Cow', 100, 1),
(92, 'Penguin Ice Party', '2 person slime', 100, 1),
(93, 'CLAY', 'Duolingo', 100, 1),
(94, 'Astronaut Ice Cream', '3 part Twist', 100, 1),
(95, 'Winter Fuzzy Cow', 'Cow', 100, 1),
(96, 'CashApp DIY Kit', 'Plop + Toppings', 100, 1),
(97, 'Fresh Honeycomb CLAY Kit', 'Plop + Toppings', 100, 1),
(98, 'Polar Bear Ice Pop', '2 Part Vertical', 100, 1),
(99, 'CLAY', 'Fresh Honeycomb', 100, 1),
(100, 'Animal Cracker Cheesecake', '2 part Horizontal', 100, 1),
(101, 'Crystal Candy Crunch', 'Cow', 100, 1),
(102, 'CLAY', 'Disco Cake CLAY Kit', 100, 1),
(103, 'Galaxy Glaze', 'Plop + Toppings', 100, 1),
(104, 'Strawberry Frost', '3 layer horizontal', 100, 1),
(105, 'Magic Froggo Cake', 'Plop + Toppings', 100, 1),
(106, 'Mood Booster (Memory Butter)', '2 part Twist', 100, 1),
(107, 'Disco Cake CLAY Kit', 'plop ', 100, 1),
(108, 'Peachys Strawberry Milk', 'Plop + Toppings', 100, 1),
(109, 'Aurora Cube', 'Plop + Toppings', 100, 1),
(110, 'Wednesday', '2 part Twist', 100, 1),
(111, 'Intergalactic Alien Freeze', '3 part horizontal', 100, 1),
(112, 'Aurora Jelly Cube', 'Plop + Toppings', 100, 1),
(113, 'Cosmic Cookie Dough', 'Plop + Toppings', 100, 1),
(114, 'Peachys Strawberry Milk', 'Plop + Toppings', 100, 1),
(115, 'Panda Latte', 'Plop + Toppings', 100, 1),
(116, 'Heartbreakers Club', 'Plop', 100, 1),
(117, 'Milk and Cookies', 'Plop', 100, 1),
(118, 'CLAY', 'Panda Latte', 100, 1),
(119, 'Other Tasks', 'Social Media', 100, 0),
(120, 'Other Tasks', 'Mockups', 100, 0),
(121, 'Outer Space Crunch', 'Plop + Toppings', 100, 1),
(122, 'Midnight Lavender', 'Plop + Toppings', 100, 1),
(123, 'Midnight Lavender', 'Plop + Toppings', 100, 1),
(124, 'Strawberry Frost', '3 layer horizontal', 100, 1),
(125, 'Starberry Frost', '3 layer horizontal', 100, 1),
(126, 'Snowball Jelly', 'Plop + Toppings', 100, 1),
(127, 'Triceratops Freeze', 'Plop + Toppings', 100, 1),
(128, 'Cotton Candy Crisp', '2 part Vertical', 100, 1),
(129, 'Dragons Egg CLAY Kit', 'Plop', 100, 1),
(130, 'Matcha Rose Latte Fluff', '2 part Horizontal', 100, 1),
(131, 'Kitten Furr', '2 part Twist', 100, 1),
(132, 'Baby Axolotl', 'Plop + Toppings', 100, 1),
(133, 'Pride Slime', 'plop + Toppings', 100, 1),
(134, 'CLAY', 'Dragons Egg', 100, 1),
(135, 'Groovy Cloud', '3 part horizontal', 100, 1),
(136, 'Blueberry Juice', 'Plop + Toppings', 100, 1),
(137, 'CLAY', 'Rainbow Sprinkle Cookie CLAY Kit', 100, 1),
(138, 'Dream Chaser', 'Plop + cubes + toppings', 100, 1),
(139, 'Rainbow Sprinkle Cookie CLAY Kit', 'Plop', 100, 1),
(140, 'Strawberry Cookie Crunch', '2 Part Twist', 100, 1),
(141, 'Big Blue World', '2 Part Vertical', 100, 1),
(142, 'Shoot for the Stars', '2 Part Horizontal', 100, 1),
(143, 'Cali Sunset Frost', '3 Part Horizontal', 100, 1),
(144, 'Aquarius', '2 part Twist', 100, 1),
(145, 'Pink Sugar Sorbet', '2 part Horizontal', 100, 1),
(146, 'Moon Dust', 'Plop with toppings', 100, 1),
(147, 'Lunar New Year CLAY Kit', 'Plop', 100, 1),
(148, 'Puppy Fur Cloud', '2 part Horizontal', 100, 1),
(149, 'CLAY', 'Lunar New Year', 100, 1),
(150, 'Heart Confetti Cookie Dough', 'Plop with toppings', 100, 1),
(151, 'Sugar, Sugar Jelly Cube', 'Plop with cubes', 100, 1),
(152, 'Pink Velvet Cake Fluff', '2 part Horizontal', 100, 1),
(153, 'Candy Hearts CLAY Kit', 'Plop with toppings', 100, 1),
(154, 'Self Love Mood Slime', '2 part Twist', 100, 1),
(155, 'Gamer Girl Frost', '2 part vertical', 100, 1),
(156, 'Frosted Sugar Cookie', '2 part Horizontal', 100, 1),
(157, 'Dragonfruit Jelly', 'Plop with toppings', 100, 1),
(158, 'Kawaii Snow Cone DIY Kit', 'Plop', 100, 1),
(159, 'Favorite Fuzzy Socks', '4 part horizontal', 100, 1),
(160, 'Love Potion Frost', '2 Part Horizontal plus twist', 100, 1),
(161, 'Liquid Fireworks', 'Plop with toppings', 100, 1),
(162, 'Plop', 'Plain', 100, 0),
(163, 'Plop', 'With Toppings', 100, 0),
(164, 'Foil Slime', 'Plain', 100, 0),
(165, 'Foil Slime', 'With Toppings', 100, 0),
(166, '2 Part Vertical', 'Plain', 100, 0),
(167, '2 Part Vertical', 'With Toppings', 100, 0),
(168, '2 Part Horizontal', 'Plain', 100, 0),
(169, '2 Part Horizontal', 'With Toppings', 100, 0),
(170, '2 Part Twist', 'Plain', 100, 0),
(171, '2 Part Twist', 'With Toppings', 100, 0),
(172, '3 Part Horizontal', 'Plain', 100, 0),
(173, '3 Part Horizontal', 'With Toppings', 100, 0),
(174, '3 Part Vertical', 'Plain', 100, 0),
(175, '3 Part Vertical', 'With Toppings', 100, 0),
(176, '3 Part Twist', 'Plain', 100, 0),
(177, '3 Part Twist', 'With Toppings', 100, 0),
(178, '4 Part Horizontal', 'Plain', 100, 0),
(179, '4 Part Horizontal', 'With Toppings', 100, 0),
(180, '4 Part Twist', 'Plain', 100, 0),
(181, '4 Part Twist', 'With Toppings', 100, 0),
(182, 'Cow', 'Plain', 100, 0),
(183, 'Cow', 'With Toppings', 100, 0),
(184, 'Icee Float', 'Plain', 100, 0),
(185, 'Icee Float', 'With Toppings', 100, 0),
(186, 'Plop with Jelly Cubes', 'Plain', 100, 0),
(187, 'Plop with Jelly Cubes', 'With Toppings', 100, 0);

-- --------------------------------------------------------

--
-- Table structure for table `users`
--

CREATE TABLE `users` (
  `id` int(11) NOT NULL,
  `username` varchar(255) NOT NULL,
  `password` varchar(255) NOT NULL,
  `name` varchar(255) NOT NULL,
  `access` int(11) NOT NULL
) ENGINE=MyISAM DEFAULT CHARSET=latin1 COLLATE=latin1_swedish_ci;

--
-- Dumping data for table `users`
--

INSERT INTO `users` (`id`, `username`, `password`, `name`, `access`) VALUES
(1, 'NabeelShehzad', 'Nabeel@786', 'Nabeel Shehzad', 1),
(2, 'peachybbies', 'peachybbies', 'Peachy', 0),
(3, 'export', 'sms', 'SMS', 0);

--
-- Indexes for dumped tables
--

--
-- Indexes for table `break`
--
ALTER TABLE `break`
  ADD PRIMARY KEY (`id`);

--
-- Indexes for table `break_taken`
--
ALTER TABLE `break_taken`
  ADD PRIMARY KEY (`id`);

--
-- Indexes for table `data`
--
ALTER TABLE `data`
  ADD PRIMARY KEY (`id`);

--
-- Indexes for table `details`
--
ALTER TABLE `details`
  ADD PRIMARY KEY (`id`),
  ADD UNIQUE KEY `id` (`id`);

--
-- Indexes for table `employee`
--
ALTER TABLE `employee`
  ADD PRIMARY KEY (`id`);

--
-- Indexes for table `multiplier`
--
ALTER TABLE `multiplier`
  ADD PRIMARY KEY (`id`);

--
-- Indexes for table `slime`
--
ALTER TABLE `slime`
  ADD PRIMARY KEY (`id`);

--
-- Indexes for table `users`
--
ALTER TABLE `users`
  ADD PRIMARY KEY (`id`);

--
-- AUTO_INCREMENT for dumped tables
--

--
-- AUTO_INCREMENT for table `break`
--
ALTER TABLE `break`
  MODIFY `id` int(11) NOT NULL AUTO_INCREMENT, AUTO_INCREMENT=12;

--
-- AUTO_INCREMENT for table `break_taken`
--
ALTER TABLE `break_taken`
  MODIFY `id` int(11) NOT NULL AUTO_INCREMENT, AUTO_INCREMENT=787;

--
-- AUTO_INCREMENT for table `data`
--
ALTER TABLE `data`
  MODIFY `id` int(11) NOT NULL AUTO_INCREMENT, AUTO_INCREMENT=1387;

--
-- AUTO_INCREMENT for table `details`
--
ALTER TABLE `details`
  MODIFY `id` int(11) NOT NULL AUTO_INCREMENT, AUTO_INCREMENT=15;

--
-- AUTO_INCREMENT for table `employee`
--
ALTER TABLE `employee`
  MODIFY `id` int(11) NOT NULL AUTO_INCREMENT, AUTO_INCREMENT=53;

--
-- AUTO_INCREMENT for table `multiplier`
--
ALTER TABLE `multiplier`
  MODIFY `id` int(11) NOT NULL AUTO_INCREMENT, AUTO_INCREMENT=5;

--
-- AUTO_INCREMENT for table `slime`
--
ALTER TABLE `slime`
  MODIFY `id` int(11) NOT NULL AUTO_INCREMENT, AUTO_INCREMENT=188;

--
-- AUTO_INCREMENT for table `users`
--
ALTER TABLE `users`
  MODIFY `id` int(11) NOT NULL AUTO_INCREMENT, AUTO_INCREMENT=4;
COMMIT;

/*!40101 SET CHARACTER_SET_CLIENT=@OLD_CHARACTER_SET_CLIENT */;
/*!40101 SET CHARACTER_SET_RESULTS=@OLD_CHARACTER_SET_RESULTS */;
/*!40101 SET COLLATION_CONNECTION=@OLD_COLLATION_CONNECTION */;
